Workbook

Sheet Read-Me
B2: README: BATTERY FAILURE DATABANK - REVISION 2
B3: The Battery Failure Databank contains thermal runaway results gathered from nearly 300 small format fractional thermal runaway calorimetry (S-FTRC) experiments. A majority of these experiments were conducted at synchrotron facilities where high-speed x-ray videography was conducted of the cell while tested inside of the S-FTRC. The databank is a two-component system which consists of a Microsoft ExcelTM spreadsheet which provides S-FTRC results in tabular format and a radiographic video library containing the high-speed x-ray videos. When applicable, the Test ID is hyperlinked to the corresponding x-ray video. Overall, the databank provides results from S-FTRC experiments conducted on a mixture of commercially available lithium-ion (Li-ion) cells and specialized Li-ion test cells with varying cell format (18650, 21700, and D-cell) and trigger mechanism (heaters, heaters plus internal short circuiting device, and nail penetration). Please note that trade names and trademarks are used in this report for identification only. Their usage does not constitute an official endorsement, either expressed or implied, by the National Aeronautics and Space Administration.
B5: Relevant Acronyms and Abbreviations
B6: ISC | C6: Internal Short Circuit
B7: S-FTRC | C7: Small-Format Fractional Thermal Runaway Calorimeter
B10: Custom Cell Configurations
B11: Soteria 18650 (Control) | C11: 2.1 Ah Li-ion cell, constructed by Coulometrics, with standard separator and current collectors.
B12: Soteria 18650 (AL) | C12: 2.1 Ah Li-ion cell, constructed by Coulometrics, with a Soteria aluminum coated plastic current collector, a standard copper current collector, and a standard separator.
B13: Soteria 18650 (CU) | C13: 2.1 Ah Li-ion cell, constructed by Coulometrics, with a Soteria copper coated plastic current collector, a standard aluminum current collector, and a standard separator.
B14: Soteria 18650 (ALCU) | C14: 2.1 Ah Li-ion cell, constructed by Coulometrics, with both Soteria aluminum and copper coated plastic current collectors and a standard separator.
B15: Soteria 18650 (DW) | C15: 2.1 Ah Li-ion cell, constructed by Coulometrics, with standard current collectors and with a Dreamweaver Gold separator.
B16: Soteria 18650 (ALDW) | C16: 2.1 Ah Li-ion cell, constructed by Coulometrics, with a Soteria aluminum coated plastic current collector, a standard copper current collector, and with a Dreamweaver Gold separator.
B17: Soteria 18650 (ALCUDW) | C17: 2.1 Ah Li-ion cell, constructed by Coulometrics, with both Soteria aluminum and copper coated plastic current collectors and also with a Dreamweaver Gold separator.
B18: MOLiCEL 18650-Test Cell | C18: 2.37 Ah Li-ion cell, constructed by MOLiCEL, with an internal short circuiting (ISC) device built in.
B19: MOLiCEL 18650-Test Cell (DW-Gold) | C19: 2.37 Ah Li-ion cell, constructed by MOLiCEL, with a Dreamweaver Gold Separator and an internal short circuiting (ISC) device built in.
B20: MOLiCEL 18650-Test Cell (DW-Silver) | C20: 2.37 Ah Li-ion cell, constructed by MOLiCEL, with a Dreamweaver Silver Separator and an internal short circuiting (ISC) device built in.
B21: LG 18650-Test Cell (BV-250) | C21: 3.35 Ah Li-ion cell test cell, constructed by LG, with a bottom vent and a cell casing with a 250 µm thickness. Some cells also had an ISC device built in.
B22: LG 18650-Test Cell (BV-220) | C22: 3.35 Ah Li-ion cell test cell, constructed by LG, with a bottom vent and a cell casing with a 220 µm thickness. Some cells also had an ISC device built in.
... B70: Bottom-Vent-Yes-No | C70: Description of whether or not the cell design has a bottom vent or not.

Sheet Cell-Characteristics
B2: 1 | C2: =B2+1 -> 2 | D2: =C2+1 -> 3 | E2: =D2+1 -> 4 | F2: =E2+1 -> 5 | G2: =F2+1 -> 6 | H2: =G2+1 -> 7 | I2: =H2+1 -> 8 | J2: =I2+1 -> 9 | ... Q2: =P2+1 -> 16
B3: Cell-Description | C3: Cell-Format | D3: Cell-Capacity-Ah | E3: Cell-Nominal-Voltage-V | F3: Cell-Energy-Wh | G3: Specific-Energy-Wh/kg | H3: Energy-Density-Wh/L | I3: Cathode-Characteristics | J3: Anode-Characteristics | K3: Cell-Type | L3: Cell-Casing-Thickness-µm | M3: Bottom-Vent-Yes-No | N3: Surface-Area-Casing-Side-cm2 | O3: Surface-Area-Top-cm2 | P3: Surface-Area-Bottom-cm2 | Q3: Surface-Area-Total-cm2
B4: KULR 18650-K330 | C4: 18650 | D4: 3.3 | E4: 3.6 | F4: 11.88 | G4: =F4/(47/1000) -> 252.76596 | H4: 718 | I4: - | J4: - | K4: - | L4: 220 | M4: Yes | N4: =(3.14*1.84)*6.54 -> 37.785504 | O4: =3.14*((1.84/2)^2) -> 2.657696 | P4: =O4 -> 2.657696 | Q4: =SUM(N4:P4) -> 43.100896
B5: KULR 21700-K500 | C5: 21700 | D5: 5 | E5: 3.6 | F5: 18 | G5: =F5/(70/1000) -> 257.14286 | H5: 740 | I5: - | J5: - | K5: - | L5: 220 | M5: Yes | N5: =(3.14*2.17)*7.9 -> 53.82902 | O5: =3.14*((2.17/2)^2) -> 3.6964865 | P5: =O5 -> 3.6964865 | Q5: =SUM(N5:P5) -> 61.221993
B6: LG 18650-HG2 | C6: 18650 | D6: 3 | E6: 3.6 | F6: 10.8 | G6: =F6/(47/1000) -> 229.78723 | I6: - | J6: - | K6: - | L6: 150 | M6: No | N6: =(3.14*1.83)*6.5 -> 37.3503 | O6: =3.14*((1.83/2)^2) -> 2.6288865 | P6: =O6 -> 2.6288865 | Q6: =SUM(N6:P6) -> 42.608073
B7: LG 18650-M36 | C7: 18650 | D7: 3.44 | E7: 3.63 | F7: 12.4872 | G7: =F7/(48.2/1000) -> 259.07054 | I7: - | J7: - | K7: - | L7: 250 | M7: No | N7: =(3.14*1.8)*6.5 -> 36.738 | O7: =3.14*(0.9^2) -> 2.5434 | P7: =O7 -> 2.5434 | Q7: =SUM(N7:P7) -> 41.8248
B8: LG 18650-Test Cell (NBV-250) | C8: 18650 | D8: 3.44 | E8: 3.63 | F8: 12.4872 | I8: - | J8: - | K8: - | L8: 250 | M8: No | N8: =(3.14*1.8)*6.5 -> 36.738 | O8: =3.14*(0.9^2) -> 2.5434 | P8: =O8 -> 2.5434 | Q8: =SUM(N8:P8) -> 41.8248
B9: LG 18650-Test Cell (NBV-220) | C9: 18650 | D9: 3.44 | E9: 3.63 | F9: 12.4872 | I9: - | J9: - | K9: - | L9: 220 | M9: No | N9: =(3.14*1.8)*6.5 -> 36.738 | O9: =3.14*(0.9^2) -> 2.5434 | P9: =O9 -> 2.5434 | Q9: =SUM(N9:P9) -> 41.8248
B10: LG 18650-Test Cell (BV-250) | C10: 18650 | D10: 3.44 | E10: 3.63 | F10: 12.4872 | I10: - | J10: - | K10: - | L10: 250 | M10: Yes | N10: =(3.14*1.8)*6.5 -> 36.738 | O10: =3.14*(0.9^2) -> 2.5434 | P10: =O10 -> 2.5434 | Q10: =SUM(N10:P10) -> 41.8248
B11: LG 18650-Test Cell (BV-220) | C11: 18650 | D11: 3.44 | E11: 3.63 | F11: 12.4872 | I11: - | J11: - | K11: - | L11: 220 | M11: Yes | N11: =(3.14*1.8)*6.5 -> 36.738 | O11: =3.14*(0.9^2) -> 2.5434 | P11: =O11 -> 2.5434 | Q11: =SUM(N11:P11) -> 41.8248
B12: LG 18650-MJ1 (Korean) | C12: 18650 | D12: 3.5 | E12: 3.6285714 | F12: 12.7 | G12: 261 | H12: 738 | I12: LiNiMnCoO2 | J12: Carbon | K12: - | L12: - | M12: No | N12: =(3.14*1.8)*6.5 -> 36.738 | O12: =3.14*(0.9^2) -> 2.5434 | P12: =O12 -> 2.5434 | Q12: =SUM(N12:P12) -> 41.8248
B13: LG 18650-MJ1 (Chinese) | C13: 18650 | D13: 3.5 | E13: 3.6285714 | F13: 12.7 | G13: 261 | H13: 738 | I13: LiNiMnCoO2 | J13: Carbon | K13: - | L13: - | M13: No | N13: =(3.14*1.8)*6.5 -> 36.738 | O13: =3.14*(0.9^2) -> 2.5434 | P13: =O13 -> 2.5434 | Q13: =SUM(N13:P13) -> 41.8248
B14: LG 21700-M50 (BV) | C14: 21700 | D14: 5.0137741 | E14: 3.63 | F14: 18.2 | I14: - | J14: - | K14: - | L14: - | M14: Yes | N14: =(3.14*2.11)*7.15 -> 47.37161 | O14: =3.14*((2.11/2)^2) -> 3.4948985 | P14: =O14 -> 3.4948985 | Q14: =SUM(N14:P14) -> 54.361407
B15: MOLiCEL 18650-J | C15: 18650 | D15: 2.37 | E15: 3.7 | F15: 8.769 | I15: - | J15: - | K15: - | L15: - | M15: No | N15: =(3.14*1.8)*6.5 -> 36.738 | O15: =3.14*(0.9^2) -> 2.5434 | P15: =O15 -> 2.5434 | Q15: =SUM(N15:P15) -> 41.8248
B16: MOLiCEL 18650-Test Cell | C16: 18650 | D16: 2.37 | E16: 3.7 | F16: 8.769 | I16: - | J16: - | K16: - | L16: - | M16: No | N16: =(3.14*1.8)*6.5 -> 36.738 | O16: =3.14*(0.9^2) -> 2.5434 | P16: =O16 -> 2.5434 | Q16: =SUM(N16:P16) -> 41.8248
B17: MOLiCEL 18650-Test Cell (DW-Gold) | C17: 18650 | D17: 2.37 | E17: 3.7 | F17: 8.769 | I17: - | J17: - | K17: - | L17: - | M17: No | N17: =(3.14*1.8)*6.5 -> 36.738 | O17: =3.14*(0.9^2) -> 2.5434 | P17: =O17 -> 2.5434 | Q17: =SUM(N17:P17) -> 41.8248
B18: MOLiCEL 18650-Test Cell (DW-Silver) | C18: 18650 | D18: 2.37 | E18: 3.7 | F18: 8.769 | I18: - | J18: - | K18: - | L18: - | M18: No | N18: =(3.14*1.8)*6.5 -> 36.738 | O18: =3.14*(0.9^2) -> 2.5434 | P18: =O18 -> 2.5434 | Q18: =SUM(N18:P18) -> 41.8248
B19: MOLiCEL 18650-M35A | C19: 18650 | D19: 3.5 | E19: 3.6 | F19: 12.6 | I19: - | J19: - | K19: - | L19: - | M19: No | N19: =(3.14*1.8)*6.5 -> 36.738 | O19: =3.14*(0.9^2) -> 2.5434 | P19: =O19 -> 2.5434 | Q19: =SUM(N19:P19) -> 41.8248
B20: MOLiCEL 18650-P28A | C20: 18650 | D20: 2.8 | E20: 3.6 | F20: 10.08 | I20: - | J20: - | K20: - | L20: - | M20: No | N20: =(3.14*3.3)*6 -> 62.172 | O20: =3.14*(1.65^2) -> 8.54865 | P20: =O20 -> 8.54865 | Q20: =SUM(N20:P20) -> 79.2693
B21: Panasonic 18650-BE | C21: 18650 | D21: 3.2 | E21: 3.6 | F21: =E21*D21 -> 11.52 | G21: 238 | H21: 681 | I21: LiNiCoAl | J21: Carbon | K21: Energy | L21: - | M21: Yes | N21: =(3.14*1.82)*6.51 -> 37.203348 | O21: =3.14*(0.91^2) -> 2.600234 | P21: =O21 -> 2.600234 | Q21: =SUM(N21:P21) -> 42.403816 | S21: Panasonic BE 18650 Battery, 3200mAh, 3.63A, 3.6V, Grade A Lithium-ion (NCR18650BE) - 18650 Battery - Lithium Ion Battery - Voltaplex
B22: Saft D-Cell-VES16 | C22: D-Cell | D22: 4.5 | E22: 3.6 | F22: 16.2 | G22: 140 | H22: 314 | I22: NCA | J22: Carbon | K22: - | L22: 380 | M22: No | N22: =(3.14*1.8)*6.5 -> 36.738 | O22: =3.14*(0.9^2) -> 2.5434 | P22: =O22 -> 2.5434 | Q22: =SUM(N22:P22) -> 41.8248 | S22: Microsoft PowerPoint - Y Borthomieu VES16 cells and Batteries.ppt [Mode de compatibilité] (nasa.gov)
B23: Samsung 18650-26J | C23: 18650 | D23: 2.6 | E23: 3.63 | F23: 9.438 | I23: - | J23: - | K23: - | L23: - | M23: No | N23: =(3.14*1.8)*6.5 -> 36.738 | O23: =3.14*(0.9^2) -> 2.5434 | P23: =O23 -> 2.5434 | Q23: =SUM(N23:P23) -> 41.8248
B24: Samsung 18650-30Q | C24: 18650 | D24: 3 | E24: 3.6 | F24: 10.8 | I24: - | J24: - | K24: - | L24: - | M24: No | N24: =(3.14*1.8)*6.5 -> 36.738 | O24: =3.14*(0.9^2) -> 2.5434 | P24: =O24 -> 2.5434 | Q24: =SUM(N24:P24) -> 41.8248
B25: Sanyo 18650-A | C25: 18650 | D25: 2.15 | E25: 3.6 | F25: 7.74 | I25: - | J25: - | K25: - | M25: No | N25: =(3.14*1.8)*6.5 -> 36.738 | O25: =3.14*(0.9^2) -> 2.5434 | P25: =O25 -> 2.5434 | Q25: =SUM(N25:P25) -> 41.8248
B26: Sony 18650-VTC6 | C26: 18650 | D26: 3.13 | E26: 3.6 | F26: 11.268 | G26: 237 | H26: 617 | I26: LiNiMnCoO2 or NCA? UCL did not detect Manganese | J26: Carbon | K26: - | L26: - | M26: No | N26: =(3.14*1.8)*6.5 -> 36.738 | O26: =3.14*(0.9^2) -> 2.5434 | P26: =O26 -> 2.5434 | Q26: =SUM(N26:P26) -> 41.8248
B27: Sony 18650-VC7 | C27: 18650 | D27: 3.53 | E27: 3.5977337 | F27: 12.7 | G27: 267 | H27: 719 | I27: - | J27: - | K27: - | L27: - | M27: Yes | N27: =(3.14*1.8)*6.5 -> 36.738 | O27: =3.14*(0.9^2) -> 2.5434 | P27: =O27 -> 2.5434 | Q27: =SUM(N27:P27) -> 41.8248
B28: Soteria 18650 (Control) | C28: 18650 | D28: 2.1 | E28: 3.65 | F28: 7.665 | I28: - | J28: - | K28: - | L28: 250 | M28: No | N28: =(3.14*1.8)*6.5 -> 36.738 | O28: =3.14*(0.9^2) -> 2.5434 | P28: =O28 -> 2.5434 | Q28: =SUM(N28:P28) -> 41.8248
B29: Soteria 18650 (AL) | C29: 18650 | D29: 2.1 | E29: 3.65 | F29: 7.665 | I29: - | J29: - | K29: - | L29: 250 | M29: No | N29: =(3.14*1.8)*6.5 -> 36.738 | O29: =3.14*(0.9^2) -> 2.5434 | P29: =O29 -> 2.5434 | Q29: =SUM(N29:P29) -> 41.8248
B30: Soteria 18650 (CU) | C30: 18650 | D30: 2.1 | E30: 3.65 | F30: 7.665 | I30: - | J30: - | K30: - | L30: 250 | M30: No | N30: =(3.14*1.8)*6.5 -> 36.738 | O30: =3.14*(0.9^2) -> 2.5434 | P30: =O30 -> 2.5434 | Q30: =SUM(N30:P30) -> 41.8248
B31: Soteria 18650 (ALCU) | C31: 18650 | D31: 2.1 | E31: 3.65 | F31: 7.665 | I31: - | J31: - | K31: - | L31: 250 | M31: No | N31: =(3.14*1.8)*6.5 -> 36.738 | O31: =3.14*(0.9^2) -> 2.5434 | P31: =O31 -> 2.5434 | Q31: =SUM(N31:P31) -> 41.8248
B32: Soteria 18650 (DW) | C32: 18650 | D32: 2.1 | E32: 3.65 | F32: 7.665 | I32: - | J32: - | K32: - | L32: 250 | M32: No | N32: =(3.14*1.8)*6.5 -> 36.738 | O32: =3.14*(0.9^2) -> 2.5434 | P32: =O32 -> 2.5434 | Q32: =SUM(N32:P32) -> 41.8248
B33: Soteria 18650 (ALDW) | C33: 18650 | D33: 2.1 | E33: 3.65 | F33: 7.665 | I33: - | J33: - | K33: - | L33: 250 | M33: No | N33: =(3.14*1.8)*6.5 -> 36.738 | O33: =3.14*(0.9^2) -> 2.5434 | P33: =O33 -> 2.5434 | Q33: =SUM(N33:P33) -> 41.8248
B34: Soteria 18650 (ALCUDW) | C34: 18650 | D34: 2.1 | E34: 3.65 | F34: 7.665 | I34: - | J34: - | K34: - | L34: 250 | M34: No | N34: =(3.14*1.8)*6.5 -> 36.738 | O34: =3.14*(0.9^2) -> 2.5434 | P34: =O34 -> 2.5434 | Q34: =SUM(N34:P34) -> 41.8248
K36: -

Sheet Fractional-Calorimetry-Data
B3: Cell-Description | C3: Test-ID | D3: Test-Series | E3: Trigger-Mechanism | F3: S-FTRC-Generation | G3: Data-Processing-Utility | H3: Test-Date | I3: Cell-ID-Number | J3: Pre-Test-State-of-Charge-% | K3: Pre-Test-Cell-Open-Circuit-Voltage-V | L3: Pre-Test-Cell-Mass-g | M3: Pre-Test-Positive-Copper-Mesh-Mass-g | N3: Pre-Test-Negative-Copper-Mesh-Mass-g | O3: Pressure-Assisted-Seal-Configuration-Positive | P3: Pressure-Assisted-Seal-Configuration-Negative | Q3: Cell-Failure-Mechanism | R3: Baseline-Total-Energy-Yield-kJ | S3: Conductive-Heat-Loss-Rate-kJs-1 | T3: Baseline-Plus-Heat-Loss-Total-Energy-Yield-kJ | U3: Corrected-Total-Energy-Yield-kJ | V3: Energy-Fraction-Cell-Body-kJ | W3: Energy-Fraction-Positive-Ejecta-kJ | X3: Energy-Fraction-Negative-Ejecta-kJ | Y3: Energy-Percent-Cell-Body-% | Z3: Energy-Percent-Positive-Ejecta-% | AA3: Energy-Percent-Negative-Ejecta-% | AB3: Theoretical-Energy-Positive-Unrecovered-Mass-kJ | AC3: Theoretical-Energy-Negative-Unrecovered-Mass-kJ | AD3: Ƭ-Cell-Body | AE3: Ƭ-Positive | AF3: Ƭ-Negative | AG3: Heater-Power-W | AH3: Heater-Time-On-s | AI3: Energy-Applied-to-Trigger-kJ | AJ3: Onset-Selection-Time-s | AK3: Avg-Cell-Temp-At-Trigger-degC | AL3: Post-Test-Mass-Cell-Body-g | AM3: Post-Test-Mass-Positive-Ejecta-Mating-g | AN3: Post-Test-Mass-Positive-Ejecta-Bore-Baffles-g | AO3: Post-Test-Mass-Positive-Copper-Mesh-g | AP3: Post-Test-Mass-Negative-Ejecta-Mating-g | AQ3: Post-Test-Mass-Negative-Ejecta-Bore-Baffles-g | AR3: Post-Test-Mass-Negative-Copper-Mesh-g | AS3: Post-Test-Mass-Unrecovered-g | AT3: Mass-Ejected | AU3: Percent-Original-Mass-Ejected | AV3: Post-Test-Open-Circuit-Voltage-V | AW3: Test-Notes | AX3: Radiography-Notes | AY3: Radiography-File-Names | AZ3: Radiography-ROI | BA3: Radiographic-Video-Availability | BB3: EYA-Processing-Notes | BC3: TC-Failure-Count | BD3: TC-Failure-Percent-% | BE3: Total-Energy-Ratio | BF3: Heat-Rate-Cell-Body-W | BG3: Heat-Rate-Positive-W | BH3: Heat-Rate-Negative-W | BI3: Heat-Rate-Entire-Cell-W | BJ3: Heat-Flux-Cell-Body-W/cm2 | BK3: Heat-Flux-Positive-W/cm2 | BL3: Heat-Flux-Negative-W/cm2 | BM3: Heat-Flux-Entire-Cell-W/cm2 | BN3: Average-Event-Length-s
B4: KULR 18650-K330 | C4: DLS19_Dec_Run036 | D4: DLS19_Dec | E4: Heater (ISC) | F4: V10.0 | G4: EYAN_1.1_B | H4: 43812 | I4: 66 | J4: 100 | K4: 4.2 | L4: 47.3927 | M4: 52.8 | N4: 53.4 | O4: 18650-Aluminum | P4: 18650-Brass | Q4: Top and Bottom Vent | R4: 52.184734 | S4: 0.034 | T4: 55.106215 | U4: 55.679663 | V4: 22.050797 | W4: 20.154016 | X4: 13.474849 | Y4: 39.602964 | Z4: 36.196369 | AA4: 24.200666 | AB4: 0.31466058 | AC4: 0.25878739 | AD4: 5.5099 | AE4: 3.9047 | AF4: 4.1064 | AG4: 939.9274 | AH4: 61.0576 | AI4: 57.229817 | AJ4: 73.0673 | AK4: 130.16562 | AL4: 24.2 | AM4: 2.4 | AN4: 7.3 | AO4: 1.3 | AP4: 0.3 | AQ4: 3.3 | AR4: 0.5 | AS4: 8.0927 | AT4: 23.1927 | AU4: 48.937284 | AV4: 0 | AW4: TCs 57, 95 are not working properly. TR ensued fairly quickly. Gamry failure, overcharged | AX4: 95872 (data), 95873 (bright), 95871 (dark) | AY4: None Recorded | AZ4: Top | BA4: Available | BB4: - | BC4: 6 | BD4: 7.4074074 | BE4: =U4/((VLOOKUP(B4,'Cell-Characteristics'!$B$4:$E$34,3,FALSE)*VLOOKUP(B4,'Cell-Characteristics'!$B$4:$E$34,4,FALSE)*3600)/1000) -> 1.3019001 | BF4: =(1000*V4)/AD4 -> 4002.0321 | BG4: =(1000*W4)/AE4 -> 5161.4763 | BH4: =(1000*X4)/AF4 -> 3281.4264 | BI4: =(1000*U4)/AVERAGE(AD4:AF4) -> 12354.041 | BJ4: =BF4/((VLOOKUP(B4,'Cell-Characteristics'!$B$4:$Q$34,13,FALSE))) -> 105.91448 | BK4: =BG4/((VLOOKUP(B4,'Cell-Characteristics'!$B$4:$Q$34,14,FALSE))) -> 1942.0868 | BL4: =BH4/((VLOOKUP(B4,'Cell-Characteristics'!$B$4:$Q$34,15,FALSE))) -> 1234.6884 | BM4: =BI4/((VLOOKUP(B4,'Cell-Characteristics'!$B$4:$Q$34,16,FALSE))) -> 286.63072 | BN4: =AVERAGE(AD4:AF4) -> 4.507
B5: KULR 18650-K330 | C5: DLS19_Dec_Run037 | D5: DLS19_Dec | E5: Heater (ISC) | F5: V10.0 | G5: EYAN_1.1_B | H5: 43812 | I5: 64 | J5: 100 | K5: 4.122 | L5: 47.2264 | M5: 50.4 | N5: 52 | O5: 18650-Aluminum | P5: 18650-Brass | Q5: Top and Bottom Vent | R5: 57.13917 | S5: 0.0377 | T5: 59.00122 | U5: 60.970046 | V5: 13.813677 | W5: 9.3900572 | X5: 37.766312 | Y5: 22.656497 | Z5: 15.401099 | AA5: 61.942404 | AB5: 0.62717994 | AC5: 1.3416465 | AD5: 5.2184 | AE5: 1.8057 | AF5: 1.7041 | AG5: 932.14467 | AH5: 71.4974 | AI5: 66.506964 | AJ5: 80.2176 | AK5: 165.03871 | AL5: 16.3 | AM5: 0.5 | AN5: 2.2 | AO5: 0 | AP5: 3.8 | AQ5: 8.4 | AR5: 0.5 | AS5: 15.5264 | AT5: 30.9264 | AU5: 65.485406 | AV5: 0 | AW5: TCs 30, 104 are reading but shouldn't be (check TC map). TCs 61, 63, 66 are not reading (open channels). | AX5: 95874 (data), 95875 (bright), 95871 (dark) | AY5: None Recorded | AZ5: Top | BA5: Available | BB5: - | BC5: 5 | BD5: 6.1728395 | BE5: =U5/((VLOOKUP(B5,'Cell-Characteristics'!$B$4:$E$34,3,FALSE)*VLOOKUP(B5,'Cell-Characteristics'!$B$4:$E$34,4,FALSE)*3600)/1000) -> 1.4255997 | BF5: =(1000*V5)/AD5 -> 2647.1096 | BG5: =(1000*W5)/AE5 -> 5200.2311 | BH5: =(1000*X5)/AF5 -> 22162.028 | BI5: =(1000*U5)/AVERAGE(AD5:AF5) -> 20956.227 | BJ5: =BF5/((VLOOKUP(B5,'Cell-Characteristics'!$B$4:$Q$34,13,FALSE))) -> 70.05622 | BK5: =BG5/((VLOOKUP(B5,'Cell-Characteristics'!$B$4:$Q$34,14,FALSE))) -> 1956.6689 | BL5: =BH5/((VLOOKUP(B5,'Cell-Characteristics'!$B$4:$Q$34,15,FALSE))) -> 8338.8123 | BM5: =BI5/((VLOOKUP(B5,'Cell-Characteristics'!$B$4:$Q$34,16,FALSE))) -> 486.21325 | BN5: =AVERAGE(AD5:AF5) -> 2.9094
B6: KULR 18650-K330 | C6: DLS19_Dec_Run038 | D6: DLS19_Dec | E6: Heater (ISC) | F6: V10.0 | G6: EYAN_1.1_B | H6: 43812 | I6: 58 | J6: 100 | K6: 4.254 | L6: 47.3518 | M6: 50.1 | N6: 48.3 | O6: 18650-Brass | P6: 18650-Brass | Q6: Top Vent Only - Bottom Vent Not Actuated | R6: 56.977466 | S6: 0.0427 | T6: 59.14736 | U6: 62.879185 | V6: 6.0733609 | W6: 55.841541 | X6: 0.96428321 | Y6: 9.6587781 | Z6: 88.807673 | AA6: 1.5335492 | AB6: 3.7318252 | AC6: 0 | AD6: 8.2189 | AE6: 1.5002 | AF6: 0 | AG6: 950.47324 | AH6: 84.8873 | AI6: 80.460989 | AJ6: 91.9055 | AK6: 219.34555 | AL6: 12.3 | AM6: 4.2 | AN6: 7.7 | AO6: 2.2 | AP6: 0.3 | AQ6: 0.1 | AR6: 0 | AS6: 20.5518 | AT6: 35.0518 | AU6: 74.024219 | AV6: 0 | AW6: TC 93 not working. TR runaway ensued shortly therefter. `dpa revealed that cell may have been installed upside down - i.e. bottom vent facing positive side of calorimeter. `donal and will need to pay attention to this in respective analysis. the masses of positive side soot are probably for the bv side and the negative side soot masses are probably for the button side masses.\ Gamry failure, overcharged | AX6: 95876 (data), 95877 (bright), 95871 (dark) | AY6: None Recorded | AZ6: Middle | BA6: Available | BB6: - | BC6: 5 | BD6: 6.1728395 | BE6: =U6/((VLOOKUP(B6,'Cell-Characteristics'!$B$4:$E$34,3,FALSE)*VLOOKUP(B6,'Cell-Characteristics'!$B$4:$E$34,4,FALSE)*3600)/1000) -> 1.4702391 | BF6: =(1000*V6)/AD6 -> 738.95058 | BG6: =(1000*W6)/AE6 -> 37222.731 | BH6: =(1000*X6)/AF6 -> #DIV/0! | BI6: =(1000*U6)/AVERAGE(AD6:AF6) -> 19408.953 | BJ6: =BF6/((VLOOKUP(B6,'Cell-Characteristics'!$B$4:$Q$34,13,FALSE))) -> 19.556457 | BK6: =BG6/((VLOOKUP(B6,'Cell-Characteristics'!$B$4:$Q$34,14,FALSE))) -> 14005.639 | BL6: =BH6/((VLOOKUP(B6,'Cell-Characteristics'!$B$4:$Q$34,15,FALSE))) -> #DIV/0! | BM6: =BI6/((VLOOKUP(B6,'Cell-Characteristics'!$B$4:$Q$34,16,FALSE))) -> 450.31437 | BN6: =AVERAGE(AD6:AF6) -> 3.2397
B7: KULR 18650-K330 | C7: DLS19_Dec_Run039 | D7: DLS19_Dec | E7: Heater (ISC) | F7: V10.0 | G7: EYAN_1.1_B | H7: 43812 | I7: 52 | J7: 100 | K7: 4.119 | L7: 47.369 | M7: 47.7 | N7: 49.7 | O7: 18650-Brass | P7: 18650-Brass | Q7: Top and Bottom Vent | R7: 53.058256 | S7: 0.0354 | T7: 55.186553 | U7: 56.111607 | V7: 19.087168 | W7: 7.5009621 | X7: 29.523478 | Y7: 34.016434 | Z7: 13.367933 | AA7: 52.615633 | AB7: 0.24058064 | AC7: 0.68447331 | AD7: 7.2209 | AE7: 3.8093 | AF7: 1.6043 | AG7: 944.00255 | AH7: 67.9722 | AI7: 63.89096 | AJ7: 78.4824 | AK7: 139.85181 | AL7: 23.3 | AM7: 0.2 | AN7: 3.2 | AO7: 0.3 | AP7: 1.3 | AQ7: 6.8 | AR7: 1.9 | AS7: 10.369 | AT7: 24.069 | AU7: 50.811712 | AV7: 0 | AW7: TCs 57, 95 not working properly. TR event was pretty nominal. | AX7: 95878 (data), 95879 (bright), 95871 (dark) | AY7: None Recorded | AZ7: Middle | BA7: Available | BB7: - | BC7: 5 | BD7: 6.1728395 | BE7: =U7/((VLOOKUP(B7,'Cell-Characteristics'!$B$4:$E$34,3,FALSE)*VLOOKUP(B7,'Cell-Characteristics'!$B$4:$E$34,4,FALSE)*3600)/1000) -> 1.3119998 | BF7: =(1000*V7)/AD7 -> 2643.3225 | BG7: =(1000*W7)/AE7 -> 1969.1182 | BH7: =(1000*X7)/AF7 -> 18402.716 | BI7: =(1000*U7)/AVERAGE(AD7:AF7) -> 13323.426 | BJ7: =BF7/((VLOOKUP(B7,'Cell-Characteristics'!$B$4:$Q$34,13,FALSE))) -> 69.955995 | BK7: =BG7/((VLOOKUP(B7,'Cell-Characteristics'!$B$4:$Q$34,14,FALSE))) -> 740.91177 | BL7: =BH7/((VLOOKUP(B7,'Cell-Characteristics'!$B$4:$Q$34,15,FALSE))) -> 6924.312 | BM7: =BI7/((VLOOKUP(B7,'Cell-Characteristics'!$B$4:$Q$34,16,FALSE))) -> 309.12178 | BN7: =AVERAGE(AD7:AF7) -> 4.2115
B8: KULR 18650-K330 | C8: DLS19_Dec_Run041 | D8: DLS19_Dec | E8: Heater (ISC) | F8: V10.0 | G8: EYAN_1.1_B | H8: 43812 | I8: 62 | J8: 100 | K8: 4.144 | L8: 47.4738 | M8: 47.5 | N8: 49.9 | O8: 18650-Brass | P8: 18650-Brass | Q8: Top and Bottom Vent | R8: 59.781345 | S8: 0.0483 | T8: 61.939964 | U8: 63.683843 | V8: 9.6154865 | W8: 6.3849879 | X8: 47.683369 | Y8: 15.098785 | Z8: 10.026072 | AA8: 74.875143 | AB8: 0.33689128 | AC8: 1.4069876 | AD8: 7.0316 | AE8: 2.6117 | AF8: 1.9051 | AG8: 948.70397 | AH8: 108.7464 | AI8: 102.91701 | AJ8: 122.9653 | AK8: 239.83976 | AL8: 15.1 | AM8: 0.1 | AN8: 1.2 | AO8: 0 | AP8: 5.5 | AQ8: 12.1 | AR8: 1.1 | AS8: 12.3738 | AT8: 32.3738 | AU8: 68.192982 | AV8: 0 | AW8: TC 95 not working. DPA- Jelly roll ejeted via negtive terminus residing inside the mating | AX8: 95905 (data), 95904 (brights), 95899 (dark) | AY8: None Recorded | AZ8: Middle | BA8: Available | BB8: - | BC8: 4 | BD8: 4.9382716 | BE8: =U8/((VLOOKUP(B8,'Cell-Characteristics'!$B$4:$E$34,3,FALSE)*VLOOKUP(B8,'Cell-Characteristics'!$B$4:$E$34,4,FALSE)*3600)/1000) -> 1.4890536 | BF8: =(1000*V8)/AD8 -> 1367.4678 | BG8: =(1000*W8)/AE8 -> 2444.7631 | BH8: =(1000*X8)/AF8 -> 25029.326 | BI8: =(1000*U8)/AVERAGE(AD8:AF8) -> 16543.55 | BJ8: =BF8/((VLOOKUP(B8,'Cell-Characteristics'!$B$4:$Q$34,13,FALSE))) -> 36.190275 | BK8: =BG8/((VLOOKUP(B8,'Cell-Characteristics'!$B$4:$Q$34,14,FALSE))) -> 919.88066 | BL8: =BH8/((VLOOKUP(B8,'Cell-Characteristics'!$B$4:$Q$34,15,FALSE))) -> 9417.6783 | BM8: =BI8/((VLOOKUP(B8,'Cell-Characteristics'!$B$4:$Q$34,16,FALSE))) -> 383.83308 | BN8: =AVERAGE(AD8:AF8) -> 3.8494667
B9: KULR 18650-K330 | C9: DLS19_Dec_Run085 | D9: DLS19_Dec | E9: Heater (ISC) | F9: V10.0 | G9: EYAN_1.1_B | H9: 43813 | I9: 50 | J9: 100 | K9: 4.148 | L9: 48.0584 | M9: 51.1 | N9: 52.1 | O9: 18650-Aluminum | P9: 18650-Brass | Q9: Top Vent Only - Bottom Vent Not Actuated | R9: 56.979652 | S9: 0.0443 | T9: 58.992585 | U9: 61.31424 | V9: 13.09342 | W9: 47.535478 | X9: 0.68534195 | Y9: 21.354615 | Z9: 77.527631 | AA9: 1.1177533 | AB9: 2.3216552 | AC9: 0 | AD9: 3.4088 | AE9: 1.9048 | AF9: 0 | AG9: 951.35559 | AH9: 102.2557 | AI9: 97.059224 | AJ9: 107.3737 | AK9: 231.28564 | AL9: 9.7 | AM9: 12.8 | AN9: 10.2 | AO9: 0.9 | AP9: 0 | AQ9: 0 | AR9: 0 | AS9: 14.4584 | AT9: 38.3584 | AU9: 79.816224 | AV9: 0 | AW9: TCs 93 is open. | AX9: 95987 (darks), 95990 (data), 95991 (brights) | AY9: None Recorded | AZ9: Top | BA9: Available | BB9: - | BC9: 5 | BD9: 6.1728395 | BE9: =U9/((VLOOKUP(B9,'Cell-Characteristics'!$B$4:$E$34,3,FALSE)*VLOOKUP(B9,'Cell-Characteristics'!$B$4:$E$34,4,FALSE)*3600)/1000) -> 1.4336476 | BF9: =(1000*V9)/AD9 -> 3841.0643 | BG9: =(1000*W9)/AE9 -> 24955.627 | BH9: =(1000*X9)/AF9 -> #DIV/0! | BI9: =(1000*U9)/AVERAGE(AD9:AF9) -> 34617.344 | BJ9: =BF9/((VLOOKUP(B9,'Cell-Characteristics'!$B$4:$Q$34,13,FALSE))) -> 101.65444 | BK9: =BG9/((VLOOKUP(B9,'Cell-Characteristics'!$B$4:$Q$34,14,FALSE))) -> 9389.9478 | BL9: =BH9/((VLOOKUP(B9,'Cell-Characteristics'!$B$4:$Q$34,15,FALSE))) -> #DIV/0! | BM9: =BI9/((VLOOKUP(B9,'Cell-Characteristics'!$B$4:$Q$34,16,FALSE))) -> 803.16994 | BN9: =AVERAGE(AD9:AF9) -> 1.7712
B10: KULR 18650-K330 | C10: DLS19_Dec_Run086 | D10: DLS19_Dec | E10: Heater (ISC) | F10: V10.0 | G10: EYAN_1.1_B | H10: 43813 | I10: 53 | J10: 100 | K10: 4.129 | L10: 47.394 | M10: 45.2 | N10: 48.7 | O10: 18650-Brass | P10: 18650-Brass | Q10: Top and Bottom Vent | R10: 50.119101 | S10: 0.043 | T10: 53.047248 | U10: 54.598821 | V10: 8.9088537 | W10: 3.775279 | X10: 41.914688 | Y10: 16.316934 | Z10: 6.9145798 | AA10: 76.768486 | AB10: 0.282615 | AC10: 1.2689576 | AD10: 1.5034 | AE10: 1.5034 | AF10: 1.4037 | AG10: 950.33651 | AH10: 104.4472 | AI10: 99.055564 | AJ10: 107.4492 | AK10: 223.21516 | AL10: 20 | AM10: 0 | AN10: 0 | AO10: 0 | AP10: 2.6 | AQ10: 7.7 | AR10: 4.8 | AS10: 12.294 | AT10: 27.394 | AU10: 57.800565 | AV10: 0 | AW10: TC 57, 87, 95 out | AX10: None Recorded | AY10: None Recorded | AZ10: Middle | BA10: None Recorded | BB10: - | BC10: 5 | BD10: 6.1728395 | BE10: =U10/((VLOOKUP(B10,'Cell-Characteristics'!$B$4:$E$34,3,FALSE)*VLOOKUP(B10,'Cell-Characteristics'!$B$4:$E$34,4,FALSE)*3600)/1000) -> 1.2766279 | BF10: =(1000*V10)/AD10 -> 5925.804 | BG10: =(1000*W10)/AE10 -> 2511.1607 | BH10: =(1000*X10)/AF10 -> 29860.147 | BI10: =(1000*U10)/AVERAGE(AD10:AF10) -> 37137.844 | BJ10: =BF10/((VLOOKUP(B10,'Cell-Characteristics'!$B$4:$Q$34,13,FALSE))) -> 156.82744 | BK10: =BG10/((VLOOKUP(B10,'Cell-Characteristics'!$B$4:$Q$34,14,FALSE))) -> 944.86379 | BL10: =BH10/((VLOOKUP(B10,'Cell-Characteristics'!$B$4:$Q$34,15,FALSE))) -> 11235.351 | BM10: =BI10/((VLOOKUP(B10,'Cell-Characteristics'!$B$4:$Q$34,16,FALSE))) -> 861.64901 | BN10: =AVERAGE(AD10:AF10) -> 1.4701667
B11: KULR 18650-K330 | C11: DLS19_Dec_Run087 | D11: DLS19_Dec | E11: Heater (ISC) | F11: V10.0 | G11: EYAN_1.1_B | H11: 43813 | I11: 54 | J11: 100 | K11: 4.124 | L11: 47.4415 | M11: 47.1 | N11: 48.1 | O11: 18650-Brass | P11: 18650-Brass | Q11: Top and Bottom Vent | R11: 58.511261 | S11: 0.0497 | T11: 61.10354 | U11: 62.788194 | V11: 8.4711806 | W11: 5.0416689 | X11: 49.275345 | Y11: 13.491677 | Z11: 8.0296447 | AA11: 78.478678 | AB11: 0.26572654 | AC11: 1.4189278 | AD11: 0.4014 | AE11: 1.403 | AF11: 2.7017 | AG11: 937.41308 | AH11: 105.9144 | AI11: 99.060442 | AJ11: 106.6131 | AK11: 240.42719 | AL11: 13.9 | AM11: 0.5 | AN11: 11.4 | AO11: 0 | AP11: 5.1 | AQ11: 0.6 | AR11: 1.6 | AS11: 14.3415 | AT11: 33.5415 | AU11: 70.700758 | AV11: 0 | AW11: None Recorded | AX11: None Recorded | AY11: None Recorded | AZ11: Middle | BA11: None Recorded | BB11: - | BC11: 6 | BD11: 7.4074074 | BE11: =U11/((VLOOKUP(B11,'Cell-Characteristics'!$B$4:$E$34,3,FALSE)*VLOOKUP(B11,'Cell-Characteristics'!$B$4:$E$34,4,FALSE)*3600)/1000) -> 1.4681115 | BF11: =(1000*V11)/AD11 -> 21104.087 | BG11: =(1000*W11)/AE11 -> 3593.4918 | BH11: =(1000*X11)/AF11 -> 18238.644 | BI11: =(1000*U11)/AVERAGE(AD11:AF11) -> 41802.131 | BJ11: =BF11/((VLOOKUP(B11,'Cell-Characteristics'!$B$4:$Q$34,13,FALSE))) -> 558.52337 | BK11: =BG11/((VLOOKUP(B11,'Cell-Characteristics'!$B$4:$Q$34,14,FALSE))) -> 1352.1079 | BL11: =BH11/((VLOOKUP(B11,'Cell-Characteristics'!$B$4:$Q$34,15,FALSE))) -> 6862.5773 | BM11: =BI11/((VLOOKUP(B11,'Cell-Characteristics'!$B$4:$Q$34,16,FALSE))) -> 969.86687 | BN11: =AVERAGE(AD11:AF11) -> 1.5020333
B12: KULR 18650-K330 | C12: DLS19_Dec_Run088 | D12: DLS19_Dec | E12: Heater (ISC) | F12: V10.0 | G12: EYAN_1.1_B | H12: 43813 | I12: 61 | J12: 100 | K12: 4.117 | L12: 47.4116 | M12: 47.8 | N12: 48.29 | O12: 18650-Aluminum | P12: 18650-Brass | Q12: Top and Bottom Vent | R12: 53.807256 | S12: 0.0518 | T12: 57.204393 | U12: 58.841852 | V12: 13.715244 | W12: 13.959848 | X12: 31.16676 | Y12: 23.308654 | Z12: 23.724352 | AA12: 52.966993 | AB12: 0.43061597 | AC12: 1.2068429 | AD12: 1.701 | AE12: 1.8001 | AF12: 2.5004 | AG12: 948.68825 | AH12: 100.2492 | AI12: 94.932749 | AJ12: 102.7518 | AK12: 245.00903 | AL12: 21 | AM12: 0 | AN12: 2.9 | AO12: 0.6 | AP12: 1.5 | AQ12: 6.4 | AR12: 0 | AS12: 15.0116 | AT12: 26.4116 | AU12: 55.707042 | AV12: 0 | AW12: None Recorded | AX12: None Recorded | AY12: None Recorded | AZ12: Top | BA12: None Recorded | BB12: - | BC12: 2 | BD12: 2.4691358 | BE12: =U12/((VLOOKUP(B12,'Cell-Characteristics'!$B$4:$E$34,3,FALSE)*VLOOKUP(B12,'Cell-Characteristics'!$B$4:$E$34,4,FALSE)*3600)/1000) -> 1.3758383 | BF12: =(1000*V12)/AD12 -> 8063.0476 | BG12: =(1000*W12)/AE12 -> 7755.0404 | BH12: =(1000*X12)/AF12 -> 12464.71 | BI12: =(1000*U12)/AVERAGE(AD12:AF12) -> 29413.573 | BJ12: =BF12/((VLOOKUP(B12,'Cell-Characteristics'!$B$4:$Q$34,13,FALSE))) -> 213.38997 | BK12: =BG12/((VLOOKUP(B12,'Cell-Characteristics'!$B$4:$Q$34,14,FALSE))) -> 2917.9562 | BL12: =BH12/((VLOOKUP(B12,'Cell-Characteristics'!$B$4:$Q$34,15,FALSE))) -> 4690.0434 | BM12: =BI12/((VLOOKUP(B12,'Cell-Characteristics'!$B$4:$Q$34,16,FALSE))) -> 682.4353 | BN12: =AVERAGE(AD12:AF12) -> 2.0005
B13: KULR 18650-K330 | C13: ESRF18_Oct_Run001 | D13: ESRF18_Oct | E13: Heater (Non-ISC) | F13: V9.0 | G13: EYA_9_H-F | H13: 43399 | I13: 1 | J13: 100 | K13: 4.141 | L13: 47.4114 | M13: 47.3 | N13: 51.1 | O13: 18650-Brass | P13: 18650-Brass | Q13: Top and Bottom Vent | R13: 56.271121 | S13: 0.031 | T13: 58.218167 | U13: 59.716875 | V13: 18.249381 | W13: 14.849271 | X13: 26.618223 | Y13: 30.55984 | Z13: 24.866122 | AA13: 44.574038 | AB13: 0.65570836 | AC13: 0.84299977 | AD13: 6.7259 | AE13: 1.7078 | AF13: 6.7259 | AG13: 965.35832 | AH13: 61.316 | AI13: 59.447109 | AK13: 296.68422 | AL13: 24.0452 | AM13: 0.5 | AN13: 2.35 | AO13: 0.32 | AP13: 1.2 | AQ13: 5.07 | AR13: 0.97 | AS13: 12.9562 | AT13: =L13-AL13 -> 23.3662 | AU13: =100*(AT13/L13) -> 49.283927 | AV13: 0 | AW13: Started data recording about 10 sec after heater start. Top and bottom vent. | AX13: - | AY13: - | AZ13: Middle | BA13: Available | BB13: Both Cell Body TCs failed, set Cell Body equal to average of Cell Chamber TCs, highlighted in yellow. | BC13: 5 | BD13: 10 | BE13: =U13/((VLOOKUP(B13,'Cell-Characteristics'!$B$4:$E$34,3,FALSE)*VLOOKUP(B13,'Cell-Characteristics'!$B$4:$E$34,4,FALSE)*3600)/1000) -> 1.3962981 | BF13: =(1000*V13)/AD13 -> 2713.2995 | BG13: =(1000*W13)/AE13 -> 8694.9709 | BH13: =(1000*X13)/AF13 -> 3957.5704 | BI13: =(1000*U13)/AVERAGE(AD13:AF13) -> 11817.635 | BJ13: =BF13/((VLOOKUP(B13,'Cell-Characteristics'!$B$4:$Q$34,13,FALSE))) -> 71.807949 | BK13: =BG13/((VLOOKUP(B13,'Cell-Characteristics'!$B$4:$Q$34,14,FALSE))) -> 3271.6198 | BL13: =BH13/((VLOOKUP(B13,'Cell-Characteristics'!$B$4:$Q$34,15,FALSE))) -> 1489.0982 | BM13: =BI13/((VLOOKUP(B13,'Cell-Characteristics'!$B$4:$Q$34,16,FALSE))) -> 274.18538 | BN13: =AVERAGE(AD13:AF13) -> 5.0532
B14: KULR 18650-K330 | C14: ESRF18_Oct_Run002 | D14: ESRF18_Oct | E14: Heater (Non-ISC) | F14: V9.0 | G14: EYA_9_H-F | H14: 43399 | I14: 2 | J14: 100 | K14: 4.141 | L14: 47.5045 | M14: 50.5 | N14: 48.5 | O14: 18650-Brass | P14: 18650-Brass | Q14: Top and Bottom Vent | R14: 59.459563 | S14: 0.03 | T14: 61.178666 | U14: 62.379123 | V14: 21.662449 | W14: 8.250473 | X14: 32.466201 | Y14: 34.727082 | Z14: 13.226337 | AA14: 52.046581 | AB14: 0.30072134 | AC14: 0.89973582 | AD14: 5.3216 | AE14: 2.3083 | AF14: 2.71 | AG14: 969.9328 | AH14: 85.1825 | AI14: 82.680905 | AK14: 247.77281 | AL14: 24.0963 | AM14: 0.34 | AN14: 1.04 | AO14: 0.3127 | AP14: 3.253 | AQ14: 5.83 | AR14: 0.822 | AS14: 11.8105 | AT14: =L14-AL14 -> 23.4082 | AU14: =100*(AT14/L14) -> 49.275753 | AV14: 0 | AW14: Header vent; bottom vent; bottom edge breach. | AX14: - | AY14: - | AZ14: Middle | BA14: Available | BB14: TC50 & TC49 manually set equal to TC48. | BC14: 7 | BD14: 14 | BE14: =U14/((VLOOKUP(B14,'Cell-Characteristics'!$B$4:$E$34,3,FALSE)*VLOOKUP(B14,'Cell-Characteristics'!$B$4:$E$34,4,FALSE)*3600)/1000) -> 1.4585466 | BF14: =(1000*V14)/AD14 -> 4070.6647 | BG14: =(1000*W14)/AE14 -> 3574.2637 | BH14: =(1000*X14)/AF14 -> 11980.148 | BI14: =(1000*U14)/AVERAGE(AD14:AF14) -> 18098.567 | BJ14: =BF14/((VLOOKUP(B14,'Cell-Characteristics'!$B$4:$Q$34,13,FALSE))) -> 107.73086 | BK14: =BG14/((VLOOKUP(B14,'Cell-Characteristics'!$B$4:$Q$34,14,FALSE))) -> 1344.8731 | BL14: =BH14/((VLOOKUP(B14,'Cell-Characteristics'!$B$4:$Q$34,15,FALSE))) -> 4507.7194 | BM14: =BI14/((VLOOKUP(B14,'Cell-Characteristics'!$B$4:$Q$34,16,FALSE))) -> 419.91161 | BN14: =AVERAGE(AD14:AF14) -> 3.4466333
B15: KULR 18650-K330 | C15: ESRF18_Oct_Run003 | D15: ESRF18_Oct | E15: Heater (Non-ISC) | F15: V9.0 | G15: EYA_9_H-F | H15: 43399 | I15: 4 | J15: 100 | K15: 4.141 | L15: 47.2836 | M15: 46.6 | N15: 47.9 | O15: 18650-Aluminum | P15: 18650-Brass | Q15: Top and Bottom Vent | R15: 62.054368 | S15: 0.032 | T15: 63.288472 | U15: 65.65392 | V15: 14.28285 | W15: 3.0190027 | X15: 48.352067 | Y15: 21.754756 | Z15: 4.5983585 | AA15: 73.646885 | AB15: 0.32984038 | AC15: 2.0356083 | AD15: 8.5418 | AE15: 1.906 | AF15: 1.6052 | AG15: 977.87385 | AH15: 87.0302 | AI15: 85.129406 | AK15: 252.18554 | AL15: 21.6271 | AM15: 0.3698 | AN15: 0.4313 | AO15: 0.2054 | AP15: 1.6174 | AQ15: 8.4075 | AR15: 0.5721 | AS15: 14.053 | AT15: =L15-AL15 -> 25.6565 | AU15: =100*(AT15/L15) -> 54.260885 | AV15: 0 | AW15: Bottom vent appears to have activated. TC4 is reading a low value relative to the rest. Header and bottom vent; some bottom jellyroll expulsion. | AX15: - | AY15: - | AZ15: Top | BA15: Available | BB15: TC50 & TC49 manually set equal to TC48. | BC15: 6 | BD15: 12 | BE15: =U15/((VLOOKUP(B15,'Cell-Characteristics'!$B$4:$E$34,3,FALSE)*VLOOKUP(B15,'Cell-Characteristics'!$B$4:$E$34,4,FALSE)*3600)/1000) -> 1.5351179 | BF15: =(1000*V15)/AD15 -> 1672.1125 | BG15: =(1000*W15)/AE15 -> 1583.9468 | BH15: =(1000*X15)/AF15 -> 30122.145 | BI15: =(1000*U15)/AVERAGE(AD15:AF15) -> 16341.306 | BJ15: =BF15/((VLOOKUP(B15,'Cell-Characteristics'!$B$4:$Q$34,13,FALSE))) -> 44.25275 | BK15: =BG15/((VLOOKUP(B15,'Cell-Characteristics'!$B$4:$Q$34,14,FALSE))) -> 595.98495 | BL15: =BH15/((VLOOKUP(B15,'Cell-Characteristics'!$B$4:$Q$34,15,FALSE))) -> 11333.932 | BM15: =BI15/((VLOOKUP(B15,'Cell-Characteristics'!$B$4:$Q$34,16,FALSE))) -> 379.14075 | BN15: =AVERAGE(AD15:AF15) -> 4.0176667
B16: KULR 18650-K330 | C16: ESRF18_Oct_Run004 | D16: ESRF18_Oct | E16: Heater (Non-ISC) | F16: V9.0 | G16: EYA_9_H-F | H16: 43399 | I16: 5 | J16: 100 | K16: 4.14 | L16: 47.3373 | M16: 48 | N16: 45.8 | O16: 18650-Aluminum | P16: 18650-Brass | Q16: Top and Bottom Vent | R16: 51.355224 | S16: 0.032 | T16: 55.022728 | U16: 56.054196 | V16: 20.001444 | W16: 23.285013 | X16: 12.76774 | Y16: 35.682331 | Z16: 41.540178 | AA16: 22.777491 | AB16: 0.57954999 | AC16: 0.45191752 | AD16: 5.9305 | AE16: 3.216 | AF16: 5.9305 | AG16: 971.2212 | AH16: 91.3962 | AI16: 88.788092 | AK16: 245.20037 | AL16: 23.1129 | AM16: 5.6031 | AN16: 2.8547 | AO16: 0.5923 | AP16: 0.403 | AQ16: 3.0516 | AR16: 0.1854 | AS16: 11.5343 | AT16: =L16-AL16 -> 24.2244 | AU16: =100*(AT16/L16) -> 51.174021 | AV16: 0 | AW16: Vent prior to failure (catastrophic failure caught in video). header breach; bottom vent; partial jelly roll expulsion. | AX16: - | AY16: - | AZ16: Top | BA16: Available | BB16: TC50 & TC49 manually set equal to TC48. | BC16: 8 | BD16: 16 | BE16: =U16/((VLOOKUP(B16,'Cell-Characteristics'!$B$4:$E$34,3,FALSE)*VLOOKUP(B16,'Cell-Characteristics'!$B$4:$E$34,4,FALSE)*3600)/1000) -> 1.3106574 | BF16: =(1000*V16)/AD16 -> 3372.6404 | BG16: =(1000*W16)/AE16 -> 7240.3647 | BH16: =(1000*X16)/AF16 -> 2152.8943 | BI16: =(1000*U16)/AVERAGE(AD16:AF16) -> 11153.584 | BJ16: =BF16/((VLOOKUP(B16,'Cell-Characteristics'!$B$4:$Q$34,13,FALSE))) -> 89.25752 | BK16: =BG16/((VLOOKUP(B16,'Cell-Characteristics'!$B$4:$Q$34,14,FALSE))) -> 2724.3013 | BL16: =BH16/((VLOOKUP(B16,'Cell-Characteristics'!$B$4:$Q$34,15,FALSE))) -> 810.0604 | BM16: =BI16/((VLOOKUP(B16,'Cell-Characteristics'!$B$4:$Q$34,16,FALSE))) -> 258.77847 | BN16: =AVERAGE(AD16:AF16) -> 5.0256667
B17: KULR 18650-K330 | C17: ESRF18_Oct_Run055 | D17: ESRF18_Oct | E17: Heater (Non-ISC) | F17: V9.0 | G17: EYA_9_H-F | H17: 43402 | I17: 6 | J17: 100 | K17: 4.138 | L17: 47.4078 | M17: 47.7 | N17: 47.9 | O17: 18650-Brass | P17: 18650-Brass | Q17: Top and Bottom Vent | R17: 56.529139 | S17: 0.031 | T17: 61.510806 | U17: 63.066317 | V17: 21.152166 | W17: 21.594016 | X17: 20.320135 | Y17: 33.539561 | Z17: 34.240173 | AA17: 32.220266 | AB17: 1.0011114 | AC17: 0.55439943 | AD17: 3.7136 | AE17: 3.7136 | AF17: 2.8091 | AG17: 24.449983 | AH17: 94.0285 | AI17: 0.009363745 | AK17: 226.20204 | AL17: 20.34 | AM17: 0.9 | AN17: 3.49 | AO17: 0.27 | AP17: 1.77 | AQ17: 6.31 | AR17: 0.36 | AS17: 13.9678 | AT17: =L17-AL17 -> 27.0678 | AU17: =100*(AT17/L17) -> 57.095668 | AV17: 0 | AW17: The nail did not initially penetrate the cell. Multiple attempts were made. The nail became blunt and got stuck in contact with the cell. The heaters were then used to initiate thermal runaway. The calorimetry file is VERY long! Nail pen holes; bottom and top breach; cell severely damaged; can not tell cause of everything though. | AX17: - | AY17: - | AZ17: Middle | BA17: Available | BB17: TC26,TC27 set to 25, TC29, TC30 manually set eual to TC28, TC38 set to TC37 & TC39 manually set equal to TC40,TC45 set to TC44 & TC46 manually set equal to TC47, min & max values on plot axes altered to better display thermal runaway | BC17: 11 | BD17: 22 | BE17: =U17/((VLOOKUP(B17,'Cell-Characteristics'!$B$4:$E$34,3,FALSE)*VLOOKUP(B17,'Cell-Characteristics'!$B$4:$E$34,4,FALSE)*3600)/1000) -> 1.4746146 | BF17: =(1000*V17)/AD17 -> 5695.8655 | BG17: =(1000*W17)/AE17 -> 5814.8471 | BH17: =(1000*X17)/AF17 -> 7233.6816 | BI17: =(1000*U17)/AVERAGE(AD17:AF17) -> 18483.139 | BJ17: =BF17/((VLOOKUP(B17,'Cell-Characteristics'!$B$4:$Q$34,13,FALSE))) -> 150.74208 | BK17: =BG17/((VLOOKUP(B17,'Cell-Characteristics'!$B$4:$Q$34,14,FALSE))) -> 2187.9278 | BL17: =BH17/((VLOOKUP(B17,'Cell-Characteristics'!$B$4:$Q$34,15,FALSE))) -> 2721.7867 | BM17: =BI17/((VLOOKUP(B17,'Cell-Characteristics'!$B$4:$Q$34,16,FALSE))) -> 428.83421 | BN17: =AVERAGE(AD17:AF17) -> 3.4121
B18: KULR 18650-K330 | C18: DLS19_Feb_Run098 | D18: DLS19_Feb | E18: Heater (Non-ISC) | F18: V9.1 | G18: EYA_9.1_H-F | H18: 43512 | I18: 22 | J18: 100 | K18: 4.136 | L18: 45.951 | M18: 48.5 | N18: 49.6 | O18: 18650-Brass | P18: 18650-Brass | Q18: Top and Bottom Vent | R18: 52.275212 | S18: 0.039 | T18: 53.82529 | U18: 54.710731 | V18: 14.884185 | W18: 7.8394522 | X18: 31.987094 | Y18: 27.205238 | Z18: 14.328912 | AA18: 58.46585 | AB18: 0.24431569 | AC18: 0.64112538 | AD18: 1.1062 | AE18: 2.3087 | AF18: 2.2139 | AG18: 963.16463 | AH18: 109.0104 | AI18: 105.1285 | AK18: 225.77041 | AL18: 22.7 | AM18: 1.4 | AN18: 5 | AO18: 0.9 | AP18: 4.44 | AQ18: 1.2 | AR18: 1.64 | AS18: 8.671 | AT18: =L18-AL18 -> 23.251 | AU18: =100*(AT18/L18) -> 50.599552 | AV18: 0 | AW18: All TCs nominal. Standard TR occured. | AX18: 1700 fps, 0.00058 s exposure, 17.9 um pixels. 20 mm x 12 mm FOV. | AY18: miro_projections_84219.hdf | AZ18: Middle | BA18: Available | BB18: TC1 & TC2 changed to X2 and X3, respectvely. Exact test date not recorded in test matrix. Heater current manually changed to 4.0 Amps while in use (RDE tab). TC 49 & TC50 manually set equal to TC48. Positive and negative meshes recorded backwards in matrix. Corrected in EYA. | BC18: 4 | BD18: 8 | BE18: =U18/((VLOOKUP(B18,'Cell-Characteristics'!$B$4:$E$34,3,FALSE)*VLOOKUP(B18,'Cell-Characteristics'!$B$4:$E$34,4,FALSE)*3600)/1000) -> 1.2792445 | BF18: =(1000*V18)/AD18 -> 13455.238 | BG18: =(1000*W18)/AE18 -> 3395.6132 | BH18: =(1000*X18)/AF18 -> 14448.301 | BI18: =(1000*U18)/AVERAGE(AD18:AF18) -> 29159.358 | BJ18: =BF18/((VLOOKUP(B18,'Cell-Characteristics'!$B$4:$Q$34,13,FALSE))) -> 356.09525 | BK18: =BG18/((VLOOKUP(B18,'Cell-Characteristics'!$B$4:$Q$34,14,FALSE))) -> 1277.653 | BL18: =BH18/((VLOOKUP(B18,'Cell-Characteristics'!$B$4:$Q$34,15,FALSE))) -> 5436.401 | BM18: =BI18/((VLOOKUP(B18,'Cell-Characteristics'!$B$4:$Q$34,16,FALSE))) -> 676.53716 | BN18: =AVERAGE(AD18:AF18) -> 1.8762667
B19: KULR 18650-K330 | C19: DLS19_Dec_Run031 | D19: DLS19_Dec | E19: Heater (Non-ISC) | F19: V10.0 | G19: EYAN_1.1_B | H19: 43811 | I19: KULR LR1865HB IV088 00000008 | J19: 100 | K19: 4.131 | L19: 45.9 | M19: 48 | N19: 46.4 | O19: 18650-Aluminum | P19: 18650-Brass | Q19: Top and Bottom Vent | R19: 59.47806 | S19: 0.0442 | T19: 61.670787 | U19: 64.249734 | V19: 13.886485 | W19: 9.0512784 | X19: 41.311971 | Y19: 21.613296 | Z19: 14.087651 | AA19: 64.299053 | AB19: 0.51600887 | AC19: 2.0629382 | AD19: 2.8118 | AE19: 0.9052 | AF19: 2.1103 | AG19: 947.32529 | AH19: 102.051 | AI19: 96.458629 | AJ19: 111.9611 | AK19: 235.51109 | AL19: 14.3 | AM19: 1.9 | AN19: 3.3 | AO19: 0.9 | AP19: 2.9 | AQ19: 5.8 | AR19: 0.6 | AS19: 16.2 | AT19: 31.6 | AU19: 68.845316 | AV19: 0 | AW19: TC 51, 99, 102 are out. Cell vented on top around 230C, failure ensued shortly thereafter. | AX19: 95827(darks), 95828(scan), 95829(flats) | AY19: None Recorded | AZ19: Top | BA19: Available | BB19: - | BC19: 4 | BD19: 4.9382716 | BE19: =U19/((VLOOKUP(B19,'Cell-Characteristics'!$B$4:$E$34,3,FALSE)*VLOOKUP(B19,'Cell-Characteristics'!$B$4:$E$34,4,FALSE)*3600)/1000) -> 1.5022852 | BF19: =(1000*V19)/AD19 -> 4938.646 | BG19: =(1000*W19)/AE19 -> 9999.2028 | BH19: =(1000*X19)/AF19 -> 19576.35 | BI19: =(1000*U19)/AVERAGE(AD19:AF19) -> 33076.931 | BJ19: =BF19/((VLOOKUP(B19,'Cell-Characteristics'!$B$4:$Q$34,13,FALSE))) -> 130.70213 | BK19: =BG19/((VLOOKUP(B19,'Cell-Characteristics'!$B$4:$Q$34,14,FALSE))) -> 3762.3576 | BL19: =BH19/((VLOOKUP(B19,'Cell-Characteristics'!$B$4:$Q$34,15,FALSE))) -> 7365.91 | BM19: =BI19/((VLOOKUP(B19,'Cell-Characteristics'!$B$4:$Q$34,16,FALSE))) -> 767.43025 | BN19: =AVERAGE(AD19:AF19) -> 1.9424333
B20: KULR 18650-K330 | C20: DLS19_Dec_Run032 | D20: DLS19_Dec | E20: Heater (Non-ISC) | F20: V10.0 | G20: EYAN_1.1_B | H20: 43813 | I20: 9 | J20: 100 | K20: 4.131 | L20: 45.9005 | M20: 56.7 | N20: 53.7 | O20: 18650-Aluminum | P20: 18650-Brass | Q20: Top and Bottom Vent | R20: 59.429078 | S20: 0.045 | T20: 61.739207 | U20: 63.399003 | V20: 20.927363 | W20: 9.8109511 | X20: 32.660689 | Y20: 33.008978 | Z20: 15.474929 | AA20: 51.516092 | AB20: 0.37991053 | AC20: 1.2798862 | AD20: 1.4045 | AE20: 1.8069 | AF20: 3.4127 | AG20: 939.44857 | AH20: 98.9591 | AI20: 92.693999 | AJ20: 107.5893 | AK20: 234.09241 | AL20: 20.4 | AM20: 0.5 | AN20: 2 | AO20: 0.7 | AP20: 1.9 | AQ20: 6.4 | AR20: 0.6 | AS20: 13.4005 | AT20: 25.5005 | AU20: 55.55604 | AV20: 0 | AW20: TCs 35, 54 reading lower than neighboring TCs. | AX20: 95971 (data), 95972 (dark), 95973 (bright) | AY20: None Recorded | AZ20: Top | BA20: Available | BB20: - | BC20: 5 | BD20: 6.1728395 | BE20: =U20/((VLOOKUP(B20,'Cell-Characteristics'!$B$4:$E$34,3,FALSE)*VLOOKUP(B20,'Cell-Characteristics'!$B$4:$E$34,4,FALSE)*3600)/1000) -> 1.4823935 | BF20: =(1000*V20)/AD20 -> 14900.223 | BG20: =(1000*W20)/AE20 -> 5429.7145 | BH20: =(1000*X20)/AF20 -> 9570.337 | BI20: =(1000*U20)/AVERAGE(AD20:AF20) -> 28712.883 | BJ20: =BF20/((VLOOKUP(B20,'Cell-Characteristics'!$B$4:$Q$34,13,FALSE))) -> 394.33702 | BK20: =BG20/((VLOOKUP(B20,'Cell-Characteristics'!$B$4:$Q$34,14,FALSE))) -> 2043.0156 | BL20: =BH20/((VLOOKUP(B20,'Cell-Characteristics'!$B$4:$Q$34,15,FALSE))) -> 3600.9901 | BM20: =BI20/((VLOOKUP(B20,'Cell-Characteristics'!$B$4:$Q$34,16,FALSE))) -> 666.17834 | BN20: =AVERAGE(AD20:AF20) -> 2.2080333
B21: KULR 18650-K330 | C21: DLS19_Dec_Run033 | D21: DLS19_Dec | E21: Heater (Non-ISC) | F21: V10.0 | G21: EYAN_1.1_B | H21: 43813 | I21: 18 | J21: 100 | K21: 4.121 | L21: 46.2079 | M21: 49.9 | N21: 54.9 | O21: 18650-Brass | P21: 18650-Brass | Q21: Top Vent Only - Bottom Vent Not Actuated | R21: 54.404334 | S21: 0.0428 | T21: 56.732709 | U21: 58.920667 | V21: 20.879315 | W21: 37.319441 | X21: 0.72191121 | Y21: 35.436317 | Z21: 63.338457 | AA21: 1.2252258 | AB21: 2.1879579 | AC21: 0 | AD21: 3.0056 | AE21: 1.9061 | AF21: 0 | AG21: 939.80926 | AH21: 101.3031 | AI21: 94.936329 | AJ21: 110.1137 | AK21: 230.27685 | AL21: 20.5 | AM21: 1.4 | AN21: 6.9 | AO21: 1.5 | AP21: 0 | AQ21: 0 | AR21: 0 | AS21: 15.9079 | AT21: 25.7079 | AU21: 55.635292 | AV21: 0 | AW21: TC 93 is open. Venting occured fairly nominally, TR ensued shortly thereafter. no bottom vent actuation | AX21: 95977 (data), 95978 (darks), 95979 (brights) | AY21: None Recorded | AZ21: Middle | BA21: Available | BB21: - | BC21: 7 | BD21: 8.6419753 | BE21: =U21/((VLOOKUP(B21,'Cell-Characteristics'!$B$4:$E$34,3,FALSE)*VLOOKUP(B21,'Cell-Characteristics'!$B$4:$E$34,4,FALSE)*3600)/1000) -> 1.3776811 | BF21: =(1000*V21)/AD21 -> 6946.8042 | BG21: =(1000*W21)/AE21 -> 19578.953 | BH21: =(1000*X21)/AF21 -> #DIV/0! | BI21: =(1000*U21)/AVERAGE(AD21:AF21) -> 35987.948 | BJ21: =BF21/((VLOOKUP(B21,'Cell-Characteristics'!$B$4:$Q$34,13,FALSE))) -> 183.84839 | BK21: =BG21/((VLOOKUP(B21,'Cell-Characteristics'!$B$4:$Q$34,14,FALSE))) -> 7366.8894 | BL21: =BH21/((VLOOKUP(B21,'Cell-Characteristics'!$B$4:$Q$34,15,FALSE))) -> #DIV/0! | BM21: =BI21/((VLOOKUP(B21,'Cell-Characteristics'!$B$4:$Q$34,16,FALSE))) -> 834.96982 | BN21: =AVERAGE(AD21:AF21) -> 1.6372333
B22: KULR 18650-K330 | C22: DLS19_Dec_Run034 | D22: DLS19_Dec | E22: Heater (Non-ISC) | F22: V10.0 | G22: EYAN_1.1_B | H22: 43813 | I22: 1 | J22: 100 | K22: 4.124 | L22: 46.0735 | M22: 50.7 | N22: 54.9 | O22: 18650-Brass | P22: 18650-Brass | Q22: Top and Bottom Vent | R22: 57.136515 | S22: 0.045 | T22: 59.671076 | U22: 61.125788 | V22: 17.468902 | W22: 12.156546 | X22: 31.50034 | Y22: 28.578613 | Z22: 19.887753 | AA22: 51.533634 | AB22: 0.35136372 | AC22: 1.1033478 | AD22: 1.1015 | AE22: 1.4009 | AF22: 2.8025 | AG22: 939.67807 | AH22: 102.1898 | AI22: 95.810497 | AJ22: 111.5005 | AK22: 248.68833 | AL22: 19.8 | AM22: 0.5 | AN22: 4.2 | AO22: 0.8 | AP22: 0 | AQ22: 8.4 | AR22: 0.9 | AS22: 11.4735 | AT22: 26.2735 | AU22: 57.025188 | AV22: 0 | AW22: TCs 54, 59, 60 had low readings prior to start of test. | AX22: 95981 (data), 95982 (dark), 95983 (brights) | AY22: None Recorded | AZ22: Middle | BA22: Available | BB22: - | BC22: 6 | BD22: 7.4074074 | BE22: =U22/((VLOOKUP(B22,'Cell-Characteristics'!$B$4:$E$34,3,FALSE)*VLOOKUP(B22,'Cell-Characteristics'!$B$4:$E$34,4,FALSE)*3600)/1000) -> 1.4292412 | BF22: =(1000*V22)/AD22 -> 15859.194 | BG22: =(1000*W22)/AE22 -> 8677.6685 | BH22: =(1000*X22)/AF22 -> 11240.086 | BI22: =(1000*U22)/AVERAGE(AD22:AF22) -> 34567.544 | BJ22: =BF22/((VLOOKUP(B22,'Cell-Characteristics'!$B$4:$Q$34,13,FALSE))) -> 419.71635 | BK22: =BG22/((VLOOKUP(B22,'Cell-Characteristics'!$B$4:$Q$34,14,FALSE))) -> 3265.1095 | BL22: =BH22/((VLOOKUP(B22,'Cell-Characteristics'!$B$4:$Q$34,15,FALSE))) -> 4229.2593 | BM22: =BI22/((VLOOKUP(B22,'Cell-Characteristics'!$B$4:$Q$34,16,FALSE))) -> 802.0145 | BN22: =AVERAGE(AD22:AF22) -> 1.7683
B23: KULR 18650-K330 | C23: ESRF18_Oct_Run057 | D23: ESRF18_Oct | E23: Nail | F23: V9.0 | G23: EYA_9_H-F | H23: 43402 | I23: 10 | J23: 100 | K23: 4.138 | L23: 47.4721 | M23: 45.5 | N23: 47.4 | O23: 18650-Brass | P23: 18650-Brass | Q23: Top Vent Only - Bottom Vent Not Actuated | R23: 59.359218 | S23: 0.01 | T23: 59.843461 | U23: 62.086863 | V23: 18.207671 | W23: 43.146793 | X23: 0.73239873 | Y23: 29.326126 | Z23: 69.494239 | AA23: 1.1796356 | AB23: 2.2434022 | AC23: 0 | AD23: 2.2085 | AE23: 2.2085 | AF23: 0 | AG23: - | AH23: - | AI23: - | AK23: - | AL23: 21.41 | AM23: 1 | AN23: 7.81 | AO23: 7.2 | AP23: 0.11 | AQ23: 0.24 | AR23: 0 | AS23: 9.7021 | AT23: =L23-AL23 -> 26.0621 | AU23: =100*(AT23/L23) -> 54.899825 | AV23: 0 | AW23: TC 8, 26, 32, 50 out. Flame from Nailpen hole. Partial header breach w/ some jelly roll expelled; 2 nail pen holes; Bottom vent not opened. | AX23: - | AY23: - | AZ23: Middle | BA23: Available | BB23: TC29 & TC30 manually set equal to TC28. Test matrix (pre-import) notes: post-test mesh mass not recorded (-). TCs 5&6 set to 4. | BC23: 9 | BD23: 18 | BE23: =U23/((VLOOKUP(B23,'Cell-Characteristics'!$B$4:$E$34,3,FALSE)*VLOOKUP(B23,'Cell-Characteristics'!$B$4:$E$34,4,FALSE)*3600)/1000) -> 1.451713 | BF23: =(1000*V23)/AD23 -> 8244.361 | BG23: =(1000*W23)/AE23 -> 19536.696 | BH23: =(1000*X23)/AF23 -> #DIV/0! | BI23: =(1000*U23)/AVERAGE(AD23:AF23) -> 42169.026 | BJ23: =BF23/((VLOOKUP(B23,'Cell-Characteristics'!$B$4:$Q$34,13,FALSE))) -> 218.18846 | BK23: =BG23/((VLOOKUP(B23,'Cell-Characteristics'!$B$4:$Q$34,14,FALSE))) -> 7350.9896 | BL23: =BH23/((VLOOKUP(B23,'Cell-Characteristics'!$B$4:$Q$34,15,FALSE))) -> #DIV/0! | BM23: =BI23/((VLOOKUP(B23,'Cell-Characteristics'!$B$4:$Q$34,16,FALSE))) -> 978.37934 | BN23: =AVERAGE(AD23:AF23) -> 1.4723333
B24: KULR 18650-K330 | C24: DLS19_Feb_Run051 | D24: DLS19_Feb | E24: Nail | F24: V9.1 | G24: EYA_9.1_H-F | H24: 43511 | I24: 21 | J24: 100 | K24: 4.136 | L24: 46.0092 | M24: 48.5 | N24: 51.1 | O24: 18650-Brass | P24: 18650-Brass | Q24: Top Vent Only - Bottom Vent Not Actuated | R24: 56.678012 | S24: 0.02 | T24: 58.113945 | U24: 59.847586 | V24: 25.377882 | W24: 34.43073 | X24: 0.038974344 | Y24: 42.404186 | Z24: 57.530691 | AA24: 0.065122666 | AB24: 1.7336417 | AC24: 0 | AD24: 2.1002 | AE24: 2.3038 | AF24: 0 | AG24: - | AH24: - | AI24: - | AK24: - | AL24: 25.4 | AM24: 1.4 | AN24: 3.9 | AO24: 3.8 | AP24: 0.1 | AQ24: 0 | AR24: 0 | AS24: 11.4092 | AT24: =L24-AL24 -> 20.6092 | AU24: =100*(AT24/L24) -> 44.79365 | AV24: 0 | AW24: THis is the one with the weird aux cable w/ extensions. All TCs nominal. | AX24: 1700 fps, 0.00058 s exposure, 17.9 um pixels. 20 mm x 12 mm FOV. | AY24: miro_projections_84185.hdf | AZ24: Middle | BA24: Available | BB24: TC1 & TC2 manually changed to X3. Exact test date not recorded in test matrix. All currents & voltages manually set to 0.0 in RDE tab. | BC24: 5 | BD24: 10 | BE24: =U24/((VLOOKUP(B24,'Cell-Characteristics'!$B$4:$E$34,3,FALSE)*VLOOKUP(B24,'Cell-Characteristics'!$B$4:$E$34,4,FALSE)*3600)/1000) -> 1.3993543 | BF24: =(1000*V24)/AD24 -> 12083.555 | BG24: =(1000*W24)/AE24 -> 14945.191 | BH24: =(1000*X24)/AF24 -> #DIV/0! | BI24: =(1000*U24)/AVERAGE(AD24:AF24) -> 40768.111 | BJ24: =BF24/((VLOOKUP(B24,'Cell-Characteristics'!$B$4:$Q$34,13,FALSE))) -> 319.7934 | BK24: =BG24/((VLOOKUP(B24,'Cell-Characteristics'!$B$4:$Q$34,14,FALSE))) -> 5623.3635 | BL24: =BH24/((VLOOKUP(B24,'Cell-Characteristics'!$B$4:$Q$34,15,FALSE))) -> #DIV/0! | BM24: =BI24/((VLOOKUP(B24,'Cell-Characteristics'!$B$4:$Q$34,16,FALSE))) -> 945.87617 | BN24: =AVERAGE(AD24:AF24) -> 1.468
B25: KULR 18650-K330 | C25: DLS19_Feb_Run053 | D25: DLS19_Feb | E25: Nail | F25: V9.1 | G25: EYA_9.1_H-F | H25: 43511 | I25: 18 | J25: 100 | K25: 4.118 | L25: 47.4033 | M25: 46.3 | N25: 46.9 | O25: 18650-Brass | P25: 18650-Brass | Q25: Top and Bottom Vent | R25: 57.088454 | S25: 0.015 | T25: 58.067119 | U25: 59.216349 | V25: 17.687769 | W25: 5.0358878 | X25: 36.492692 | Y25: 29.869739 | Z25: 8.5042187 | AA25: 61.626042 | AB25: 0.18311707 | AC25: 0.96611269 | AD25: 2.5169 | AE25: 2.3152 | AF25: 2.5169 | AG25: - | AH25: - | AI25: - | AK25: - | AL25: 23.1 | AM25: 0.2 | AN25: 1.4 | AO25: 0 | AP25: 1 | AQ25: 6.2 | AR25: 3.6 | AS25: 11.9033 | AT25: =L25-AL25 -> 24.3033 | AU25: =100*(AT25/L25) -> 51.269215 | AV25: 0 | AW25: TC 22 out. Initial push did not work. 2nd attempt initiated TR. | AX25: 1700 fps, 0.00058 s exposure, 17.9 um pixels. 20 mm x 12 mm FOV. | AY25: miro_projections_84193.hdf | AZ25: Middle | BA25: Available | BB25: TC1 & TC2 changed to X3 and X4, respectvely, but values appear low - therefore set to average of cell chamber. Exact test date not recorded in test matrix. All currents & voltages manually set to 0.0 in RDE tab. TC 49 & TC50 manually set equal to TC48. | BC25: 7 | BD25: 14 | BE25: =U25/((VLOOKUP(B25,'Cell-Characteristics'!$B$4:$E$34,3,FALSE)*VLOOKUP(B25,'Cell-Characteristics'!$B$4:$E$34,4,FALSE)*3600)/1000) -> 1.3845948 | BF25: =(1000*V25)/AD25 -> 7027.6011 | BG25: =(1000*W25)/AE25 -> 2175.1416 | BH25: =(1000*X25)/AF25 -> 14499.063 | BI25: =(1000*U25)/AVERAGE(AD25:AF25) -> 24173.227 | BJ25: =BF25/((VLOOKUP(B25,'Cell-Characteristics'!$B$4:$Q$34,13,FALSE))) -> 185.9867 | BK25: =BG25/((VLOOKUP(B25,'Cell-Characteristics'!$B$4:$Q$34,14,FALSE))) -> 818.4313 | BL25: =BH25/((VLOOKUP(B25,'Cell-Characteristics'!$B$4:$Q$34,15,FALSE))) -> 5455.501 | BM25: =BI25/((VLOOKUP(B25,'Cell-Characteristics'!$B$4:$Q$34,16,FALSE))) -> 560.85208 | BN25: =AVERAGE(AD25:AF25) -> 2.4496667
B26: KULR 21700-K500 | C26: DLS19_Dec_Run010 | D26: DLS19_Dec | E26: Heater (ISC) | F26: V10.0 | G26: EYAN_1.1_B | H26: 43811 | I26: 00__ | J26: 100 | K26: 4.156 | L26: 73 | M26: 50.9 | N26: 50.2 | O26: 21700-Brass | P26: 21700-Brass | Q26: Top and Bottom Vent | R26: 74.94594 | S26: 0.0431 | T26: 78.985852 | U26: 83.232881 | V26: 29.018301 | W26: 26.190184 | X26: 28.024396 | Y26: 34.863988 | Z26: 31.466151 | AA26: 33.669861 | AB26: 1.1575088 | AC26: 3.0895205 | AD26: 4.9179 | AE26: 4.9179 | AF26: 3.01 | AG26: 956.71417 | AH26: 93.0137 | AI26: 88.7775 | AJ26: 94.3149 | AK26: 198.81297 | AL26: 39.5 | AM26: 2.4 | AN26: 4.8 | AO26: 0.1 | AP26: 1.7 | AQ26: 3 | AR26: 0 | AS26: 21.5 | AT26: 33.5 | AU26: 45.890411 | AV26: 0 | AW26: TC57, 93 out! TC 30,32 operating? DPA- Central rod ejected from negative terminus of battery and resided in the mating. The jelly roll was visible at the positive terminus but did not eject the battery. | AX26: 95804 (data), 95803 (darks), 95805(brights) | AY26: None Recorded | AZ26: Middle | BA26: Available | BC26: 4 | BD26: 4.9382716 | BE26: =U26/((VLOOKUP(B26,'Cell-Characteristics'!$B$4:$E$34,3,FALSE)*VLOOKUP(B26,'Cell-Characteristics'!$B$4:$E$34,4,FALSE)*3600)/1000) -> 1.284458 | BF26: =(1000*V26)/AD26 -> 5900.5473 | BG26: =(1000*W26)/AE26 -> 5325.4812 | BH26: =(1000*X26)/AF26 -> 9310.4305 | BI26: =(1000*U26)/AVERAGE(AD26:AF26) -> 19438.154 | BJ26: =BF26/((VLOOKUP(B26,'Cell-Characteristics'!$B$4:$Q$34,13,FALSE))) -> 109.61647 | BK26: =BG26/((VLOOKUP(B26,'Cell-Characteristics'!$B$4:$Q$34,14,FALSE))) -> 1440.6873 | BL26: =BH26/((VLOOKUP(B26,'Cell-Characteristics'!$B$4:$Q$34,15,FALSE))) -> 2518.7243 | BM26: =BI26/((VLOOKUP(B26,'Cell-Characteristics'!$B$4:$Q$34,16,FALSE))) -> 317.5028 | BN26: =AVERAGE(AD26:AF26) -> 4.2819333
B27: KULR 21700-K500 | C27: DLS19_Dec_Run012 | D27: DLS19_Dec | E27: Heater (ISC) | F27: V10.0 | G27: EYAN_1.1_B | H27: 43811 | I27: 36130 | J27: 100 | K27: 4.168 | L27: 72.6 | M27: 49.39 | N27: 51.3 | O27: 21700-Brass | P27: 21700-Brass | Q27: Top and Bottom Vent | R27: 91.329406 | S27: 0.0463 | T27: 94.160639 | U27: 96.213502 | V27: 26.707617 | W27: 26.05693 | X27: 43.448955 | Y27: 27.7587 | Z27: 27.082404 | AA27: 45.158896 | AB27: 0.90824167 | AC27: 1.1446209 | AD27: 6.1133 | AE27: 1.703 | AF27: 2.2048 | AG27: 929.33604 | AH27: 113.0937 | AI27: 104.95235 | AJ27: 114.5967 | AK27: 231.61023 | AL27: 31.2 | AM27: 3.1 | AN27: 3 | AO27: 2.7 | AP27: 7 | AQ27: 5.9 | AR27: 4.3 | AS27: 15.4 | AT27: 41.4 | AU27: 57.024793 | AV27: 0 | AW27: TC 59, 102 | AX27: 95806 (data) | AY27: None Recorded | AZ27: Middle | BA27: Available | BC27: 5 | BD27: 6.1728395 | BE27: =U27/((VLOOKUP(B27,'Cell-Characteristics'!$B$4:$E$34,3,FALSE)*VLOOKUP(B27,'Cell-Characteristics'!$B$4:$E$34,4,FALSE)*3600)/1000) -> 1.4847763 | BF27: =(1000*V27)/AD27 -> 4368.7725 | BG27: =(1000*W27)/AE27 -> 15300.605 | BH27: =(1000*X27)/AF27 -> 19706.529 | BI27: =(1000*U27)/AVERAGE(AD27:AF27) -> 28803.276 | BJ27: =BF27/((VLOOKUP(B27,'Cell-Characteristics'!$B$4:$Q$34,13,FALSE))) -> 81.160171 | BK27: =BG27/((VLOOKUP(B27,'Cell-Characteristics'!$B$4:$Q$34,14,FALSE))) -> 4139.2291 | BL27: =BH27/((VLOOKUP(B27,'Cell-Characteristics'!$B$4:$Q$34,15,FALSE))) -> 5331.1514 | BM27: =BI27/((VLOOKUP(B27,'Cell-Characteristics'!$B$4:$Q$34,16,FALSE))) -> 470.47269 | BN27: =AVERAGE(AD27:AF27) -> 3.3403667
B28: KULR 21700-K500 | C28: DLS19_Dec_Run014 | D28: DLS19_Dec | E28: Heater (ISC) | F28: V10.0 | G28: EYAN_1.1_B | H28: 43811 | I28: K-ISC-LS-8001:0081 | J28: 100 | K28: 4.153 | L28: 73.2 | M28: 47.6 | N28: 47.7 | O28: 21700-Brass | P28: 21700-Brass | Q28: Top and Bottom Vent | R28: 84.683043 | S28: 0.0409 | T28: 87.540661 | U28: 95.070241 | V28: 24.567803 | W28: 41.176587 | X28: 29.325852 | Y28: 25.841738 | Z28: 43.311752 | AA28: 30.84651 | AB28: 2.9338818 | AC28: 4.595699 | AD28: 5.0225 | AE28: 5.0225 | AF28: 3.5159 | AG28: 951.7815 | AH28: 70.9578 | AI28: 67.290654 | AJ28: 73.1585 | AK28: 138.29991 | AL28: 32.9 | AM28: 0.6 | AN28: 5.2 | AO28: 0 | AP28: 4.4 | AQ28: 0.9 | AR28: 0 | AS28: 29.2 | AT28: 40.3 | AU28: 55.054645 | AV28: 0 | AW28: Found in fumehood (0081 and 14 on it in sharpie, connected to Gamry 09080). TC 57, 93 out | AX28: 95808 (data), | AY28: None Recorded | AZ28: Middle | BA28: Available | BC28: 6 | BD28: 7.4074074 | BE28: =U28/((VLOOKUP(B28,'Cell-Characteristics'!$B$4:$E$34,3,FALSE)*VLOOKUP(B28,'Cell-Characteristics'!$B$4:$E$34,4,FALSE)*3600)/1000) -> 1.4671334 | BF28: =(1000*V28)/AD28 -> 4891.5486 | BG28: =(1000*W28)/AE28 -> 8198.4245 | BH28: =(1000*X28)/AF28 -> 8340.9231 | BI28: =(1000*U28)/AVERAGE(AD28:AF28) -> 21031.843 | BJ28: =BF28/((VLOOKUP(B28,'Cell-Characteristics'!$B$4:$Q$34,13,FALSE))) -> 90.87196 | BK28: =BG28/((VLOOKUP(B28,'Cell-Characteristics'!$B$4:$Q$34,14,FALSE))) -> 2217.8965 | BL28: =BH28/((VLOOKUP(B28,'Cell-Characteristics'!$B$4:$Q$34,15,FALSE))) -> 2256.4462 | BM28: =BI28/((VLOOKUP(B28,'Cell-Characteristics'!$B$4:$Q$34,16,FALSE))) -> 343.53412 | BN28: =AVERAGE(AD28:AF28) -> 4.5203
B29: KULR 21700-K500 | C29: DLS19_Dec_Run016 | D29: DLS19_Dec | E29: Heater (ISC) | F29: V10.0 | G29: EYAN_1.1_B | H29: 43811 | I29: K-ISC-LS-8001-0087 | J29: 100 | K29: 4.153 | L29: 72.5 | M29: 51.1 | N29: 52.09 | O29: 21700-Aluminum | P29: 21700-Aluminum | Q29: Top and Bottom Vent | R29: 78.301839 | S29: 0.0396 | T29: 82.836737 | U29: 84.50732 | V29: 21.134289 | W29: 38.498378 | X29: 24.874652 | Y29: 25.008827 | Z29: 45.556265 | AA29: 29.434909 | AB29: 0.99453673 | AC29: 0.67604594 | AD29: =AE29 -> 3.3051 | AE29: 3.3051 | AF29: 3.2045 | AG29: 924.52321 | AH29: 75.3585 | AI29: 69.371998 | AJ29: 79.2654 | AK29: 219.82652 | AL29: 39.3 | AM29: 4.1 | AN29: 4.7 | AO29: 1.5 | AP29: 1.9 | AQ29: 3.7 | AR29: 0.81 | AS29: 16.49 | AT29: 33.2 | AU29: 45.793103 | AW29: Found in fumehood (0087 and 16 on it in sharpie, connected to Gamry 09080). two aluminum seals found during dpa. jelly still in can. | AX29: 95809(scan), 95810(darks), 95811(flats - shutter closed note), 95812(flats - good) | AY29: None Recorded | AZ29: Top | BA29: Available | BC29: 6 | BD29: 7.4074074 | BE29: =U29/((VLOOKUP(B29,'Cell-Characteristics'!$B$4:$E$34,3,FALSE)*VLOOKUP(B29,'Cell-Characteristics'!$B$4:$E$34,4,FALSE)*3600)/1000) -> 1.3041253 | BF29: =(1000*V29)/AD29 -> 6394.4477 | BG29: =(1000*W29)/AE29 -> 11648.174 | BH29: =(1000*X29)/AF29 -> 7762.413 | BI29: =(1000*U29)/AVERAGE(AD29:AF29) -> 25830.841 | BJ29: =BF29/((VLOOKUP(B29,'Cell-Characteristics'!$B$4:$Q$34,13,FALSE))) -> 118.79183 | BK29: =BG29/((VLOOKUP(B29,'Cell-Characteristics'!$B$4:$Q$34,14,FALSE))) -> 3151.1473 | BL29: =BH29/((VLOOKUP(B29,'Cell-Characteristics'!$B$4:$Q$34,15,FALSE))) -> 2099.9436 | BM29: =BI29/((VLOOKUP(B29,'Cell-Characteristics'!$B$4:$Q$34,16,FALSE))) -> 421.92095 | BN29: =AVERAGE(AD29:AF29) -> 3.2715667
B30: KULR 21700-K500 | C30: DLS19_Dec_Run018 | D30: DLS19_Dec | E30: Heater (ISC) | F30: V10.0 | G30: EYAN_1.1_B | H30: 43811 | I30: 100 | J30: 100 | K30: 4.189 | L30: 72.0475 | M30: 53.2 | N30: 51.3 | O30: 21700-Aluminum | P30: 21700-Brass | Q30: Top and Bottom Vent | R30: 86.259752 | S30: 0.0407 | T30: 89.342138 | U30: 91.256846 | V30: 25.543263 | W30: =(Z30/100)*U30 -> 28.491039 | X30: =(AA30/100)*U30 -> 37.222545 | Y30: 27.990517 | Z30: 31.220714 | AA30: 40.788769 | AB30: 0.83444804 | AC30: 1.0802602 | AD30: 2.904 | AE30: 2.904 | AF30: 2.1061 | AG30: 929.12412 | AH30: 69.0667 | AI30: 63.955956 | AJ30: 76.4865 | AK30: 150.09829 | AL30: 33.3 | AM30: 3.8 | AN30: 5.9 | AO30: 0 | AP30: 2.5 | AQ30: 9.1 | AR30: 2.5 | AS30: 14.9475 | AT30: 38.7475 | AU30: 53.780492 | AV30: 0 | AW30: 12/12/2019 - Cell not charged - skipped. Bottom of cell had bright band around bottom. TCs 66, 95 out. Very quick TR onset, check video to see if venting occured during TR. DPA- Rod and partial jelly roll ejected via negative terminus into negative mating | AX30: 95848 (data), 95847 (brights), 95845 (darks) | AY30: None Recorded | AZ30: Bottom | BA30: Available | BB30: - | BC30: 3 | BD30: 3.7037037 | BE30: =U30/((VLOOKUP(B30,'Cell-Characteristics'!$B$4:$E$34,3,FALSE)*VLOOKUP(B30,'Cell-Characteristics'!$B$4:$E$34,4,FALSE)*3600)/1000) -> 1.4082847 | BF30: =(1000*V30)/AD30 -> 8795.8894 | BG30: =(1000*W30)/AE30 -> 9810.9637 | BH30: =(1000*X30)/AF30 -> 17673.683 | BI30: =(1000*U30)/AVERAGE(AD30:AF30) -> 34592.757 | BJ30: =BF30/((VLOOKUP(B30,'Cell-Characteristics'!$B$4:$Q$34,13,FALSE))) -> 163.40423 | BK30: =BG30/((VLOOKUP(B30,'Cell-Characteristics'!$B$4:$Q$34,14,FALSE))) -> 2654.1322 | BL30: =BH30/((VLOOKUP(B30,'Cell-Characteristics'!$B$4:$Q$34,15,FALSE))) -> 4781.2114 | BM30: =BI30/((VLOOKUP(B30,'Cell-Characteristics'!$B$4:$Q$34,16,FALSE))) -> 565.03807 | BN30: =AVERAGE(AD30:AF30) -> 2.6380333
B31: KULR 21700-K500 | C31: DLS19_Dec_Run020 | D31: DLS19_Dec | E31: Heater (ISC) | F31: V10.0 | G31: EYAN_1.1_B | H31: 43812 | I31: 105 | J31: 100 | K31: 4.19 | L31: 71.993 | M31: 52.7 | N31: 51.9 | O31: 21700-Aluminum | P31: 21700-Brass | Q31: Top and Bottom Vent | R31: 77.144188 | S31: 0.0513 | T31: 80.877348 | U31: 82.757171 | V31: 19.179765 | W31: =(Z31/100)*U31 -> 20.592068 | X31: =(AA31/100)*U31 -> 42.985338 | Y31: 23.175956 | Z31: 24.882518 | AA31: 51.941526 | AB31: 0.5713459 | AC31: 1.3084773 | AD31: 8.626 | AE31: 3.3089 | AF31: 3.0094 | AG31: 933.94854 | AH31: 113.6693 | AI31: 105.89049 | AJ31: 128.1082 | AK31: 238.12194 | AL31: 30.5 | AM31: 2.8 | AN31: 6.1 | AO31: 2.1 | AP31: 4.8 | AQ31: 10.5 | AR31: 0 | AS31: 15.193 | AT31: 41.493 | AU31: 57.63477 | AV31: 0 | AW31: 12/12/2019 - Cell not charged - skipped. TC 54 reading weird values. TC 71 is reading slightly higher values. Jellyroll moved towards the positive side (downwards in setup on test stand, since negative was upwards) before thermal runaway. TR ensued shortly thereafter - see video results. | AX31: 95869 (data), 95870 (flat), 95871 (dark) | AY31: None Recorded | AZ31: Bottom | BA31: Available | BB31: - | BC31: 5 | BD31: 6.1728395 | BE31: =U31/((VLOOKUP(B31,'Cell-Characteristics'!$B$4:$E$34,3,FALSE)*VLOOKUP(B31,'Cell-Characteristics'!$B$4:$E$34,4,FALSE)*3600)/1000) -> 1.2771168 | BF31: =(1000*V31)/AD31 -> 2223.4831 | BG31: =(1000*W31)/AE31 -> 6223.2368 | BH31: =(1000*X31)/AF31 -> 14283.69 | BI31: =(1000*U31)/AVERAGE(AD31:AF31) -> 16613.124 | BJ31: =BF31/((VLOOKUP(B31,'Cell-Characteristics'!$B$4:$Q$34,13,FALSE))) -> 41.306401 | BK31: =BG31/((VLOOKUP(B31,'Cell-Characteristics'!$B$4:$Q$34,14,FALSE))) -> 1683.5546 | BL31: =BH31/((VLOOKUP(B31,'Cell-Characteristics'!$B$4:$Q$34,15,FALSE))) -> 3864.1262 | BM31: =BI31/((VLOOKUP(B31,'Cell-Characteristics'!$B$4:$Q$34,16,FALSE))) -> 271.35876 | BN31: =AVERAGE(AD31:AF31) -> 4.9814333
B32: KULR 21700-K500 | C32: DLS19_Dec_Run081 | D32: DLS19_Dec | E32: Heater (ISC) | F32: V10.0 | G32: EYAN_1.1_B | H32: 43813 | I32: 80 | J32: 100 | K32: 4.168 | L32: 72.9903 | M32: 54.1 | N32: 52.7 | O32: 21700-Aluminum | P32: 21700-Brass | Q32: Top and Bottom Vent | R32: 76.109773 | S32: 0.0505 | T32: 81.97297 | U32: 83.654036 | V32: 37.803493 | W32: 26.9924 | X32: 18.858143 | Y32: 45.19028 | Z32: 32.266704 | AA32: 22.543017 | AB32: 0.86808566 | AC32: 0.81298034 | AD32: 1.8008 | AE32: 4.7101 | AF32: 3.7039 | AG32: 941.37265 | AH32: 96.217 | AI32: 90.307798 | AJ32: 102.2302 | AK32: 206.33372 | AL32: 43 | AM32: 2.5 | AN32: 6.3 | AO32: 0.4 | AP32: 1.6 | AQ32: 3.3 | AR32: 0.9 | AS32: 14.9903 | AT32: 29.9903 | AU32: 41.088062 | AV32: 0 | AW32: TCs 59, 93 are open. Venting occured followed by onset of TR. | AX32: 95992 (data), 95993 (darks), no brights. | AY32: None Recorded | AZ32: Top | BA32: Available | BC32: 5 | BD32: 6.1728395 | BE32: =U32/((VLOOKUP(B32,'Cell-Characteristics'!$B$4:$E$34,3,FALSE)*VLOOKUP(B32,'Cell-Characteristics'!$B$4:$E$34,4,FALSE)*3600)/1000) -> 1.2909573 | BF32: =(1000*V32)/AD32 -> 20992.61 | BG32: =(1000*W32)/AE32 -> 5730.7488 | BH32: =(1000*X32)/AF32 -> 5091.4289 | BI32: =(1000*U32)/AVERAGE(AD32:AF32) -> 24568.48 | BJ32: =BF32/((VLOOKUP(B32,'Cell-Characteristics'!$B$4:$Q$34,13,FALSE))) -> 389.98686 | BK32: =BG32/((VLOOKUP(B32,'Cell-Characteristics'!$B$4:$Q$34,14,FALSE))) -> 1550.3232 | BL32: =BH32/((VLOOKUP(B32,'Cell-Characteristics'!$B$4:$Q$34,15,FALSE))) -> 1377.3698 | BM32: =BI32/((VLOOKUP(B32,'Cell-Characteristics'!$B$4:$Q$34,16,FALSE))) -> 401.30154 | BN32: =AVERAGE(AD32:AF32) -> 3.4049333
B33: KULR 21700-K500 | C33: DLS19_Dec_Run082 | D33: DLS19_Dec | E33: Heater (ISC) | F33: V10.0 | G33: EYAN_1.1_B | H33: 43813 | I33: 97 | J33: 100 | K33: 4.179 | L33: 72.7944 | M33: 53.6 | N33: 54.6 | O33: 21700-Aluminum | P33: 21700-Brass | Q33: Top and Bottom Vent | R33: 84.44978 | S33: 0.0397 | T33: 87.798223 | U33: 89.934706 | V33: 30.63794 | W33: =(Z33/100)*U33 -> 31.982804 | X33: =(AA33/100)*U33 -> 27.313963 | Y33: 34.06687 | Z33: 35.562249 | AA33: 30.370881 | AB33: 1.04759 | AC33: 1.0888926 | AD33: 8.5209 | AE33: 3.0076 | AF33: 2.8066 | AG33: 930.08604 | AH33: 42.1005 | AI33: 38.948976 | AJ33: 47.9132 | AK33: 81.24709 | AL33: 33.8 | AM33: 2 | AN33: 10.8 | AO33: 0.2 | AP33: 0.8 | AQ33: 7.2 | AR33: 0.7 | AS33: 17.2944 | AT33: 38.9944 | AU33: 53.567857 | AW33: TC 57 is open. TR occured at a fairly low temperature of heating. | AX33: 95994 (data), 95995 (darks), 95996 (brights). | AY33: None Recorded | AZ33: Bottom | BA33: Available | BC33: 6 | BD33: 7.4074074 | BE33: =U33/((VLOOKUP(B33,'Cell-Characteristics'!$B$4:$E$34,3,FALSE)*VLOOKUP(B33,'Cell-Characteristics'!$B$4:$E$34,4,FALSE)*3600)/1000) -> 1.3878813 | BF33: =(1000*V33)/AD33 -> 3595.6225 | BG33: =(1000*W33)/AE33 -> 10633.995 | BH33: =(1000*X33)/AF33 -> 9732.0468 | BI33: =(1000*U33)/AVERAGE(AD33:AF33) -> 18821.223 | BJ33: =BF33/((VLOOKUP(B33,'Cell-Characteristics'!$B$4:$Q$34,13,FALSE))) -> 66.797101 | BK33: =BG33/((VLOOKUP(B33,'Cell-Characteristics'!$B$4:$Q$34,14,FALSE))) -> 2876.7845 | BL33: =BH33/((VLOOKUP(B33,'Cell-Characteristics'!$B$4:$Q$34,15,FALSE))) -> 2632.783 | BM33: =BI33/((VLOOKUP(B33,'Cell-Characteristics'!$B$4:$Q$34,16,FALSE))) -> 307.42585 | BN33: =AVERAGE(AD33:AF33) -> 4.7783667
B34: KULR 21700-K500 | C34: DLS19_Dec_Run083 | D34: DLS19_Dec | E34: Heater (ISC) | F34: V10.0 | G34: EYAN_1.1_B | H34: 43813 | I34: 90 | J34: 100 | K34: 4.18 | L34: 72.7 | M34: 48.5 | N34: 48.8 | O34: 21700-Brass | P34: 21700-Brass | Q34: Top and Bottom Vent | R34: 74.973233 | S34: 0.0382 | T34: 78.916152 | U34: 80.90481 | V34: 31.187985 | W34: 20.913396 | X34: 28.80343 | Y34: 38.548987 | Z34: 25.849385 | AA34: 35.601628 | AB34: 0.84924376 | AC34: 1.1394145 | AD34: 3.3091 | AE34: 2.8076 | AF34: 3.3091 | AG34: 935.27197 | AH34: 43.1056 | AI34: 40.078296 | AJ34: 51.1145 | AK34: 102.75858 | AL34: 40.7 | AM34: 1.2 | AN34: 4 | AO34: 0.3 | AP34: 0.7 | AQ34: 7.4 | AR34: 0.6 | AS34: 17.8 | AT34: 32 | AU34: 44.016506 | AV34: 0 | AW34: TCs 59, 93 open. TC 64 reading lower then neighboring TCs prior to beginning of test. TR occured at a fairly low temperature of heating. | AX34: None Recorded | AY34: None Recorded | AZ34: Middle | BA34: None Recorded | BC34: 6 | BD34: 7.4074074 | BE34: =U34/((VLOOKUP(B34,'Cell-Characteristics'!$B$4:$E$34,3,FALSE)*VLOOKUP(B34,'Cell-Characteristics'!$B$4:$E$34,4,FALSE)*3600)/1000) -> 1.248531 | BF34: =(1000*V34)/AD34 -> 9424.9145 | BG34: =(1000*W34)/AE34 -> 7448.8516 | BH34: =(1000*X34)/AF34 -> 8704.3093 | BI34: =(1000*U34)/AVERAGE(AD34:AF34) -> 25750.009 | BJ34: =BF34/((VLOOKUP(B34,'Cell-Characteristics'!$B$4:$Q$34,13,FALSE))) -> 175.08984 | BK34: =BG34/((VLOOKUP(B34,'Cell-Characteristics'!$B$4:$Q$34,14,FALSE))) -> 2015.1167 | BL34: =BH34/((VLOOKUP(B34,'Cell-Characteristics'!$B$4:$Q$34,15,FALSE))) -> 2354.7521 | BM34: =BI34/((VLOOKUP(B34,'Cell-Characteristics'!$B$4:$Q$34,16,FALSE))) -> 420.60063 | BN34: =AVERAGE(AD34:AF34) -> 3.1419333
B35: KULR 21700-K500 | C35: DLS19_Dec_Run084 | D35: DLS19_Dec | E35: Heater (ISC) | F35: V10.0 | G35: EYAN_1.1_B | H35: 43813 | I35: 93 | J35: 100 | K35: 4.17 | L35: 72.7 | M35: 48.1 | N35: 51.09 | O35: 21700-Brass | P35: 21700-Brass | Q35: Top and Bottom Vent | R35: 71.791324 | S35: 0.0475 | T35: 76.496708 | U35: 78.438419 | V35: 23.842232 | W35: 29.562709 | X35: 25.033478 | Y35: 30.396115 | Z35: 37.689068 | AA35: 31.914817 | AB35: 1.075045 | AC35: 0.86666672 | AD35: 7.818 | AE35: 4.3122 | AF35: 3.3059 | AG35: 937.06864 | AH35: 99.1231 | AI35: 92.636338 | AJ35: 105.8287 | AK35: 204.05517 | AL35: 38.9 | AM35: 3.9 | AN35: 4.3 | AO35: 0.3 | AP35: 4.5 | AQ35: 3 | AR35: 0.21 | AS35: 17.59 | AT35: 33.8 | AU35: 46.492435 | AV35: 0 | AW35: TC 57 is open. | AX35: None Recorded | AY35: None Recorded | AZ35: Middle | BA35: None Recorded | BC35: 6 | BD35: 7.4074074 | BE35: =U35/((VLOOKUP(B35,'Cell-Characteristics'!$B$4:$E$34,3,FALSE)*VLOOKUP(B35,'Cell-Characteristics'!$B$4:$E$34,4,FALSE)*3600)/1000) -> 1.2104694 | BF35: =(1000*V35)/AD35 -> 3049.6588 | BG35: =(1000*W35)/AE35 -> 6855.5979 | BH35: =(1000*X35)/AF35 -> 7572.3639 | BI35: =(1000*U35)/AVERAGE(AD35:AF35) -> 15244.476 | BJ35: =BF35/((VLOOKUP(B35,'Cell-Characteristics'!$B$4:$Q$34,13,FALSE))) -> 56.654547 | BK35: =BG35/((VLOOKUP(B35,'Cell-Characteristics'!$B$4:$Q$34,14,FALSE))) -> 1854.6254 | BL35: =BH35/((VLOOKUP(B35,'Cell-Characteristics'!$B$4:$Q$34,15,FALSE))) -> 2048.5301 | BM35: =BI35/((VLOOKUP(B35,'Cell-Characteristics'!$B$4:$Q$34,16,FALSE))) -> 249.00327 | BN35: =AVERAGE(AD35:AF35) -> 5.1453667
B36: KULR 21700-K500 | C36: ESRF18_Oct_Run037 | D36: ESRF18_Oct | E36: Heater (Non-ISC) | F36: V9.0 | G36: EYA_9_H-F | H36: 43400 | I36: 3 | J36: 100 | K36: 4.153 | L36: 70.4393 | M36: 47 | N36: 49.5 | O36: 21700-Brass | P36: 21700-Brass | Q36: Top and Bottom Vent | R36: 70.583443 | S36: 0.035 | T36: 76.28269 | U36: 77.576886 | V36: 34.161131 | W36: 33.434426 | X36: 9.9813293 | Y36: 44.035192 | Z36: 43.098438 | AA36: 12.86637 | AB36: 0.9413925 | AC36: 0.35280417 | AD36: 5.9263 | AE36: 5.3231 | AF36: 5.9263 | AG36: 956.03693 | AH36: 106.4695 | AI36: 101.92199 | AK36: 233.43295 | AL36: 41.956 | AM36: 0.55 | AN36: 2.65 | AO36: 0.6 | AP36: 1.21 | AQ36: 6.89 | AR36: 1.14 | AS36: 15.4433 | AT36: =L36-AL36 -> 28.4833 | AU36: =100*(AT36/L36) -> 40.43666 | AV36: 0 | AW36: Header breach; bottom vent; minimal ejection; bottom indented slightly. TC8, 30, 32,38, 43,,49-56 are out. | AX36: - | AY36: - | AZ36: Middle | BA36: Available | BB36: TCs 5&6 set to TC 4 - series failure. Manually replaced TCs 38 and 39, 49 and 50, for series failure. | BC36: 11 | BD36: 22 | BE36: =U36/((VLOOKUP(B36,'Cell-Characteristics'!$B$4:$E$34,3,FALSE)*VLOOKUP(B36,'Cell-Characteristics'!$B$4:$E$34,4,FALSE)*3600)/1000) -> 1.1971742 | BF36: =(1000*V36)/AD36 -> 5764.327 | BG36: =(1000*W36)/AE36 -> 6281.0065 | BH36: =(1000*X36)/AF36 -> 1684.243 | BI36: =(1000*U36)/AVERAGE(AD36:AF36) -> 13549.996 | BJ36: =BF36/((VLOOKUP(B36,'Cell-Characteristics'!$B$4:$Q$34,13,FALSE))) -> 107.08586 | BK36: =BG36/((VLOOKUP(B36,'Cell-Characteristics'!$B$4:$Q$34,14,FALSE))) -> 1699.1829 | BL36: =BH36/((VLOOKUP(B36,'Cell-Characteristics'!$B$4:$Q$34,15,FALSE))) -> 455.63348 | BM36: =BI36/((VLOOKUP(B36,'Cell-Characteristics'!$B$4:$Q$34,16,FALSE))) -> 221.32562 | BN36: =AVERAGE(AD36:AF36) -> 5.7252333
B37: KULR 21700-K500 | C37: ESRF18_Oct_Run039 | D37: ESRF18_Oct | E37: Heater (Non-ISC) | F37: V9.0 | G37: EYA_9_H-F | H37: 43400 | I37: 11 | J37: 100 | K37: 4.152 | L37: 70.4892 | M37: 47.9 | N37: 47.6 | O37: 21700-Aluminum | P37: 21700-Brass | Q37: Top and Bottom Vent | R37: 79.138261 | S37: 0.038 | T37: 83.984205 | U37: 85.550374 | V37: 29.725869 | W37: 38.021523 | X37: 17.802982 | Y37: 34.746626 | Z37: 44.443433 | AA37: 20.809941 | AB37: 0.95550284 | AC37: 0.61066596 | AD37: 7.9329 | AE37: 4.9227 | AF37: 4.2232 | AG37: 505.11838 | AH37: 413.1214 | AI37: 88.300528 | AK37: 195.01359 | AL37: 38.056 | AM37: 4.475 | AN37: 6.815 | AO37: 2.22 | AP37: 0.4 | AQ37: 3.86 | AR37: 0.447 | AS37: 14.2162 | AT37: =L37-AL37 -> 32.4332 | AU37: =100*(AT37/L37) -> 46.011588 | AV37: 0 | AW37: Header breach; bottom vent; jelly roll sticking far out but still attached; fold above spin groove is cracked. TC 8, 30, 32,36,39,49-56 are out. one heater not connected properly, hutch opened to check. Unable to acheive 4 A, ran with 2 A. Very long failure - entire 5 seconds of X-ray data contains displacement of material... | AX37: - | AY37: - | AZ37: Top | BA37: Available | BB37: Manually replaced TCs 49 and 50 for series failure. TC6 "functioned correctly" but was actually wired from TC channel 9. TC6 was wired to a heater and was the only functioning heater TC. Made adjustments on RDE tab for channels 7-10. | BC37: 9 | BD37: 18 | BE37: =U37/((VLOOKUP(B37,'Cell-Characteristics'!$B$4:$E$34,3,FALSE)*VLOOKUP(B37,'Cell-Characteristics'!$B$4:$E$34,4,FALSE)*3600)/1000) -> 1.3202218 | BF37: =(1000*V37)/AD37 -> 3747.1629 | BG37: =(1000*W37)/AE37 -> 7723.7132 | BH37: =(1000*X37)/AF37 -> 4215.5196 | BI37: =(1000*U37)/AVERAGE(AD37:AF37) -> 15027.468 | BJ37: =BF37/((VLOOKUP(B37,'Cell-Characteristics'!$B$4:$Q$34,13,FALSE))) -> 69.612319 | BK37: =BG37/((VLOOKUP(B37,'Cell-Characteristics'!$B$4:$Q$34,14,FALSE))) -> 2089.4742 | BL37: =BH37/((VLOOKUP(B37,'Cell-Characteristics'!$B$4:$Q$34,15,FALSE))) -> 1140.4125 | BM37: =BI37/((VLOOKUP(B37,'Cell-Characteristics'!$B$4:$Q$34,16,FALSE))) -> 245.45866 | BN37: =AVERAGE(AD37:AF37) -> 5.6929333
B38: KULR 21700-K500 | C38: ESRF18_Oct_Run040 | D38: ESRF18_Oct | E38: Heater (Non-ISC) | F38: V9.0 | G38: EYA_9_H-F | H38: 43400 | I38: 14 | J38: 100 | K38: 4.15 | L38: 70.5057 | M38: 49.1 | N38: 48.2 | O38: 21700-Aluminum | P38: 21700-Brass | Q38: Top and Bottom Vent | R38: 71.769911 | S38: 0.035 | T38: 78.425397 | U38: 79.78854 | V38: 29.800253 | W38: 41.723003 | X38: 8.2652835 | Y38: 37.34904 | Z38: 52.291975 | AA38: 10.358986 | AB38: 1.0669442 | AC38: 0.29619902 | AD38: 6.0162 | AE38: 4.4093 | AF38: 6.0162 | AG38: 955.82206 | AH38: 103.9203 | AI38: 99.375865 | AK38: 257.0263 | AL38: 41.9577 | AM38: 2.3 | AN38: 7.64 | AO38: 2.24 | AP38: 0.4492 | AQ38: 1.2327 | AR38: 0.4167 | AS38: 14.2694 | AT38: =L38-AL38 -> 28.548 | AU38: =100*(AT38/L38) -> 40.490343 | AV38: 0 | AW38: Header breach; bottom vent; minimal jelly roll expulsion; crack above spin groove. TC 8, 30, 43, 49 - 56. | AX38: - | AY38: - | AZ38: Top | BA38: Available | BB38: Manually replaced TCs 38 and 39, 49 and 50 for series failure. TC6 was actually a heater TC. Took data from TC6 RD tab and put it on TC8 for RDE tab. TC5/6 set to TC4 - series failure. | BC38: 8 | BD38: 16 | BE38: =U38/((VLOOKUP(B38,'Cell-Characteristics'!$B$4:$E$34,3,FALSE)*VLOOKUP(B38,'Cell-Characteristics'!$B$4:$E$34,4,FALSE)*3600)/1000) -> 1.2313046 | BF38: =(1000*V38)/AD38 -> 4953.3349 | BG38: =(1000*W38)/AE38 -> 9462.5004 | BH38: =(1000*X38)/AF38 -> 1373.8379 | BI38: =(1000*U38)/AVERAGE(AD38:AF38) -> 14558.447 | BJ38: =BF38/((VLOOKUP(B38,'Cell-Characteristics'!$B$4:$Q$34,13,FALSE))) -> 92.019786 | BK38: =BG38/((VLOOKUP(B38,'Cell-Characteristics'!$B$4:$Q$34,14,FALSE))) -> 2559.8634 | BL38: =BH38/((VLOOKUP(B38,'Cell-Characteristics'!$B$4:$Q$34,15,FALSE))) -> 371.66046 | BM38: =BI38/((VLOOKUP(B38,'Cell-Characteristics'!$B$4:$Q$34,16,FALSE))) -> 237.79767 | BN38: =AVERAGE(AD38:AF38) -> 5.4805667
B39: KULR 21700-K500 | C39: DLS19_Feb_Run093 | D39: DLS19_Feb | E39: Heater (Non-ISC) | F39: V9.1 | G39: EYA_9.1_H-F | H39: 43512 | I39: 28 | J39: 100 | K39: 4.153 | L39: 72.9381 | M39: 51.4 | N39: 47.6 | O39: 21700-Brass | P39: 21700-Brass | Q39: Top and Bottom Vent | R39: 78.675261 | S39: 0.042 | T39: 81.01193 | U39: 84.006753 | V39: 23.759256 | W39: 20.764053 | X39: 39.483444 | Y39: 28.282554 | Z39: 24.717124 | AA39: 47.000322 | AB39: 1.317118 | AC39: 1.6777054 | AD39: 2.5041 | AE39: 1.7028 | AF39: 2.5041 | AG39: 971.17017 | AH39: 99.0601 | AI39: 96.347674 | AK39: 188.18111 | AL39: 33.4 | AM39: 1.44 | AN39: 2.94 | AO39: 2.54 | AP39: 2.34 | AQ39: 7.64 | AR39: 3.14 | AS39: 19.4981 | AT39: =L39-AL39 -> 39.5381 | AU39: =100*(AT39/L39) -> 54.207746 | AV39: 0 | AW39: TC 48 is out. Delayed Imaging, curser was not live… | AX39: 1700 fps, 0.00058 s exposure, 17.9 um pixels. 20 mm x 12 mm FOV. | AY39: miro_projections_84229.hdf | AZ39: Middle | BA39: Not Available | BB39: TC6 was wired to a heater - used data from RD tab as the TC8 data on RDE tab. TC6 "functioned correctly" but the appropriate TC6 data was in channel X4 - corrected on RDE tab. TC40 set to 39 for series failure. TCs 33/34 set to 32 - series failure. | BC39: 11 | BD39: 22 | BE39: =U39/((VLOOKUP(B39,'Cell-Characteristics'!$B$4:$E$34,3,FALSE)*VLOOKUP(B39,'Cell-Characteristics'!$B$4:$E$34,4,FALSE)*3600)/1000) -> 1.2964005 | BF39: =(1000*V39)/AD39 -> 9488.1417 | BG39: =(1000*W39)/AE39 -> 12194.064 | BH39: =(1000*X39)/AF39 -> 15767.519 | BI39: =(1000*U39)/AVERAGE(AD39:AF39) -> 37553.309 | BJ39: =BF39/((VLOOKUP(B39,'Cell-Characteristics'!$B$4:$Q$34,13,FALSE))) -> 176.26443 | BK39: =BG39/((VLOOKUP(B39,'Cell-Characteristics'!$B$4:$Q$34,14,FALSE))) -> 3298.8257 | BL39: =BH39/((VLOOKUP(B39,'Cell-Characteristics'!$B$4:$Q$34,15,FALSE))) -> 4265.5422 | BM39: =BI39/((VLOOKUP(B39,'Cell-Characteristics'!$B$4:$Q$34,16,FALSE))) -> 613.39574 | BN39: =AVERAGE(AD39:AF39) -> 2.237
B40: KULR 21700-K500 | C40: DLS19_Dec_Run024 | D40: DLS19_Dec | E40: Heater (Non-ISC) | F40: V10.0 | G40: EYAN_1.1_B | H40: 43811 | I40: 753 | J40: 100 | K40: 4.123 | L40: 72.5702 | M40: 47.8 | N40: 48.2 | O40: 21700-Aluminum | P40: 21700-Brass | Q40: Top and Bottom Vent | R40: 79.66323 | S40: 0.0521 | T40: 83.521373 | U40: 86.307613 | V40: 22.46615 | W40: 19.817721 | X40: 44.023743 | Y40: 26.030323 | Z40: 22.961729 | AA40: 51.007948 | AB40: 0.85884052 | AC40: 1.9273994 | AD40: 1.8035 | AE40: 1.6022 | AF40: 1.9023 | AG40: 932.2597 | AH40: 118.5902 | AI40: 110.4258 | AJ40: 135.8518 | AK40: 271.47805 | AL40: 32.8 | AM40: 0.4 | AN40: 3.1 | AO40: 1.1 | AP40: 3.3 | AQ40: 8.9 | AR40: 0.9 | AS40: 22.0702 | AT40: 39.7702 | AU40: 54.802384 | AV40: 0 | AW40: 12/12/2019 - Cell missing. TC 59 not reading (open channel). TC 104 reading temperatures, but shouldn't be(?) Check TC map if this TC is actually supposed to be used. Top vent, quick failure. | AX40: 95840(bright), 95841(data) | AY40: None Recorded | AZ40: Top | BA40: Available | BC40: 2 | BD40: 2.4691358 | BE40: =U40/((VLOOKUP(B40,'Cell-Characteristics'!$B$4:$E$34,3,FALSE)*VLOOKUP(B40,'Cell-Characteristics'!$B$4:$E$34,4,FALSE)*3600)/1000) -> 1.3319076 | BF40: =(1000*V40)/AD40 -> 12456.973 | BG40: =(1000*W40)/AE40 -> 12369.068 | BH40: =(1000*X40)/AF40 -> 23142.376 | BI40: =(1000*U40)/AVERAGE(AD40:AF40) -> 48779.736 | BJ40: =BF40/((VLOOKUP(B40,'Cell-Characteristics'!$B$4:$Q$34,13,FALSE))) -> 231.41741 | BK40: =BG40/((VLOOKUP(B40,'Cell-Characteristics'!$B$4:$Q$34,14,FALSE))) -> 3346.1688 | BL40: =BH40/((VLOOKUP(B40,'Cell-Characteristics'!$B$4:$Q$34,15,FALSE))) -> 6260.6414 | BM40: =BI40/((VLOOKUP(B40,'Cell-Characteristics'!$B$4:$Q$34,16,FALSE))) -> 796.76818 | BN40: =AVERAGE(AD40:AF40) -> 1.7693333
B41: KULR 21700-K500 | C41: DLS19_Dec_Run026 | D41: DLS19_Dec | E41: Heater (Non-ISC) | F41: V10.0 | G41: EYAN_1.1_B | H41: 43813 | I41: 278 | J41: 100 | K41: 4.085 | L41: 72.747 | M41: 55 | N41: 51.9 | O41: 21700-Brass | P41: 21700-Brass | Q41: Top and Bottom Vent | R41: 74.759199 | S41: 0.0538 | T41: 78.525967 | U41: 81.19574 | V41: 24.608104 | W41: 16.668151 | X41: 39.919485 | Y41: 30.307137 | Z41: 20.528357 | AA41: 49.164506 | AB41: 0.84739109 | AC41: 1.8223825 | AD41: 1.5011 | AE41: 1.4029 | AF41: 3.4091 | AG41: 941.21377 | AH41: 116.2447 | AI41: 109.1492 | AJ41: 125.9595 | AK41: 242.28872 | AL41: 33.6 | AM41: 0.5 | AN41: 1.5 | AO41: 1.5 | AP41: 4.3 | AQ41: 8.2 | AR41: 1.1 | AS41: 22.047 | AT41: 39.147 | AU41: 53.812528 | AV41: 0 | AW41: TCs 59, 93 open prior to test. Fairly nominal TR failure event. | AX41: 95968 (data), 95969 (dark), 95970 (bright) | AY41: None Recorded | AZ41: Middle | BA41: Available | BC41: 6 | BD41: 7.4074074 | BE41: =U41/((VLOOKUP(B41,'Cell-Characteristics'!$B$4:$E$34,3,FALSE)*VLOOKUP(B41,'Cell-Characteristics'!$B$4:$E$34,4,FALSE)*3600)/1000) -> 1.2530207 | BF41: =(1000*V41)/AD41 -> 16393.381 | BG41: =(1000*W41)/AE41 -> 11881.211 | BH41: =(1000*X41)/AF41 -> 11709.684 | BI41: =(1000*U41)/AVERAGE(AD41:AF41) -> 38584.407 | BJ41: =BF41/((VLOOKUP(B41,'Cell-Characteristics'!$B$4:$Q$34,13,FALSE))) -> 304.54541 | BK41: =BG41/((VLOOKUP(B41,'Cell-Characteristics'!$B$4:$Q$34,14,FALSE))) -> 3214.1904 | BL41: =BH41/((VLOOKUP(B41,'Cell-Characteristics'!$B$4:$Q$34,15,FALSE))) -> 3167.7876 | BM41: =BI41/((VLOOKUP(B41,'Cell-Characteristics'!$B$4:$Q$34,16,FALSE))) -> 630.23768 | BN41: =AVERAGE(AD41:AF41) -> 2.1043667
B42: KULR 21700-K500 | C42: DLS19_Dec_Run028 | D42: DLS19_Dec | E42: Heater (Non-ISC) | F42: V10.0 | G42: EYAN_1.1_B | H42: 43813 | I42: 631 | J42: 100 | K42: 4.096 | L42: 72.719 | M42: 51.9 | N42: 53.1 | O42: 21700-Aluminum | P42: 21700-Brass | Q42: Top and Bottom Vent | R42: 64.520633 | S42: 0.0473 | T42: 69.206991 | U42: 70.849949 | V42: 27.478033 | W42: =(Z42/100)*U42 -> 16.44855 | X42: =(AA42/100)*U42 -> 26.923366 | Y42: 38.783419 | Z42: 23.216037 | AA42: 38.000544 | AB42: 0.57715024 | AC42: 1.0658077 | AD42: 8.9252 | AE42: 3.609 | AF42: 5.1109 | AG42: 940.41047 | AH42: 113.906 | AI42: 106.8731 | AJ42: 125.8295 | AK42: 244.0207 | AL42: 43.1 | AM42: 1.1 | AN42: 2.6 | AO42: 0.7 | AP42: 1.6 | AQ42: 6.7 | AR42: 0.8 | AS42: 16.119 | AT42: 29.619 | AU42: 40.730758 | AW42: TCs 57, 95 are open. | AX42: 95974 (data), 95975 (dark), 95976 (brights) | AY42: None Recorded | AZ42: Bottom | BA42: Available | BC42: 6 | BD42: 7.4074074 | BE42: =U42/((VLOOKUP(B42,'Cell-Characteristics'!$B$4:$E$34,3,FALSE)*VLOOKUP(B42,'Cell-Characteristics'!$B$4:$E$34,4,FALSE)*3600)/1000) -> 1.0933634 | BF42: =(1000*V42)/AD42 -> 3078.7022 | BG42: =(1000*W42)/AE42 -> 4557.6476 | BH42: =(1000*X42)/AF42 -> 5267.8327 | BI42: =(1000*U42)/AVERAGE(AD42:AF42) -> 12045.828 | BJ42: =BF42/((VLOOKUP(B42,'Cell-Characteristics'!$B$4:$Q$34,13,FALSE))) -> 57.194097 | BK42: =BG42/((VLOOKUP(B42,'Cell-Characteristics'!$B$4:$Q$34,14,FALSE))) -> 1232.9675 | BL42: =BH42/((VLOOKUP(B42,'Cell-Characteristics'!$B$4:$Q$34,15,FALSE))) -> 1425.0918 | BM42: =BI42/((VLOOKUP(B42,'Cell-Characteristics'!$B$4:$Q$34,16,FALSE))) -> 196.75655 | BN42: =AVERAGE(AD42:AF42) -> 5.8817
B43: KULR 21700-K500 | C43: DLS19_Dec_Run030 | D43: DLS19_Dec | E43: Heater (Non-ISC) | F43: V10.0 | G43: EYAN_1.1_B | H43: 43813 | I43: 556 | J43: 100 | K43: 4.156 | L43: 72.8086 | M43: 52.3 | N43: 54.3 | O43: 21700-Aluminum | P43: 21700-Brass | Q43: Top and Bottom Vent | R43: 78.426149 | S43: 0.0488 | T43: 81.674739 | U43: 84.6503 | V43: 24.849295 | W43: =(Z43/100)*U43 -> 38.376377 | X43: =(AA43/100)*U43 -> 21.424629 | Y43: 29.355236 | Z43: 45.335193 | AA43: 25.309572 | AB43: 1.9617006 | AC43: 1.013861 | AD43: 6.9152 | AE43: 2.2017 | AF43: 1.4987 | AG43: 940.27872 | AH43: 98.1402 | AI43: 92.165004 | AJ43: 110.6579 | AK43: 203.64681 | AL43: 29.6 | AM43: 6.3 | AN43: 9.1 | AO43: 0.5 | AP43: 1.8 | AQ43: 3.6 | AR43: 1.4 | AS43: 20.5086 | AT43: 43.2086 | AU43: 59.345462 | AW43: TC 93 is out. Cell vented, TR ensued shortly thereafter, with seemingly bottom rupture. Refer to X-ray video. | AX43: 95984 (data), 95985 (dark), 95986 (brights) | AY43: None Recorded | AZ43: Bottom | BA43: Available | BC43: 5 | BD43: 6.1728395 | BE43: =U43/((VLOOKUP(B43,'Cell-Characteristics'!$B$4:$E$34,3,FALSE)*VLOOKUP(B43,'Cell-Characteristics'!$B$4:$E$34,4,FALSE)*3600)/1000) -> 1.3063318 | BF43: =(1000*V43)/AD43 -> 3593.4312 | BG43: =(1000*W43)/AE43 -> 17430.339 | BH43: =(1000*X43)/AF43 -> 14295.475 | BI43: =(1000*U43)/AVERAGE(AD43:AF43) -> 23922.426 | BJ43: =BF43/((VLOOKUP(B43,'Cell-Characteristics'!$B$4:$Q$34,13,FALSE))) -> 66.756392 | BK43: =BG43/((VLOOKUP(B43,'Cell-Characteristics'!$B$4:$Q$34,14,FALSE))) -> 4715.3801 | BL43: =BH43/((VLOOKUP(B43,'Cell-Characteristics'!$B$4:$Q$34,15,FALSE))) -> 3867.3143 | BM43: =BI43/((VLOOKUP(B43,'Cell-Characteristics'!$B$4:$Q$34,16,FALSE))) -> 390.74889 | BN43: =AVERAGE(AD43:AF43) -> 3.5385333
B44: KULR 21700-K500 | C44: ESRF18_Oct_Run058 | D44: ESRF18_Oct | E44: Nail | F44: V9.0 | G44: EYA_9_H-F | H44: 43402 | I44: 64 | J44: 100 | K44: 4.134 | L44: 70.4409 | M44: 49.7 | N44: 49.2 | O44: 21700-Brass | P44: 21700-Brass | Q44: Top and Bottom Vent | R44: 92.285952 | S44: 0.027 | T44: 94.348344 | U44: 97.338138 | V44: 24.228393 | W44: 37.696093 | X44: 35.413651 | Y44: 24.890956 | Z44: 38.726952 | AA44: 36.382092 | AB44: 1.6298242 | AC44: 1.3599694 | AD44: 4.8219 | AE44: 4.8219 | AF44: 2.1121 | AG44: - | AH44: - | AI44: - | AJ44: - | AK44: - | AL44: 30.64 | AM44: 3.98 | AN44: 6.27 | AO44: 2.06 | AP44: 1.12 | AQ44: 8.23 | AR44: 1.51 | AS44: 16.6309 | AT44: =L44-AL44 -> 39.8009 | AU44: =100*(AT44/L44) -> 56.502543 | AV44: 0 | AW44: Header break; bottom vent; minimal jellyroll expulsion; nail pen hole. TC8,26,38,39. TC 3 reading low. | AX44: - | AY44: - | AZ44: Middle | BA44: Available | BB44: Cell (Bottom) reading low. Manually replaced TCs 29 and 30, 38 and 39, 49 and 50 for series failure. Manual replacement TCs33/34 for series failure. | BC44: 16 | BD44: 32 | BE44: =U44/((VLOOKUP(B44,'Cell-Characteristics'!$B$4:$E$34,3,FALSE)*VLOOKUP(B44,'Cell-Characteristics'!$B$4:$E$34,4,FALSE)*3600)/1000) -> 1.5021318 | BF44: =(1000*V44)/AD44 -> 5024.6569 | BG44: =(1000*W44)/AE44 -> 7817.6846 | BH44: =(1000*X44)/AF44 -> 16767.033 | BI44: =(1000*U44)/AVERAGE(AD44:AF44) -> 24839.818 | BJ44: =BF44/((VLOOKUP(B44,'Cell-Characteristics'!$B$4:$Q$34,13,FALSE))) -> 93.344759 | BK44: =BG44/((VLOOKUP(B44,'Cell-Characteristics'!$B$4:$Q$34,14,FALSE))) -> 2114.896 | BL44: =BH44/((VLOOKUP(B44,'Cell-Characteristics'!$B$4:$Q$34,15,FALSE))) -> 4535.9379 | BM44: =BI44/((VLOOKUP(B44,'Cell-Characteristics'!$B$4:$Q$34,16,FALSE))) -> 405.73357 | BN44: =AVERAGE(AD44:AF44) -> 3.9186333
B45: KULR 21700-K500 | C45: ESRF18_Oct_Run070 | D45: ESRF18_Oct | E45: Nail | F45: V9.0 | G45: EYA_9_H-F | H45: 43402 | I45: 2 | J45: 100 | K45: 4.137 | L45: 70.621 | M45: 48.3 | N45: 45.7 | O45: 21700-Aluminum | P45: 21700-Brass | Q45: Top and Bottom Vent | R45: 92.581954 | S45: 0.026 | T45: 94.403428 | U45: 98.968592 | V45: 25.174846 | W45: 37.433017 | X45: 36.360729 | Y45: 25.437207 | Z45: 37.823128 | AA45: 36.739665 | AB45: 2.126082 | AC45: 2.4390817 | AD45: 2.6116 | AE45: 2.6116 | AF45: 2.3101 | AG45: - | AH45: - | AI45: - | AJ45: - | AK45: - | AL45: 28.62 | AM45: 3.7 | AN45: 6.3 | AO45: 0.91 | AP45: 0 | AQ45: 7.08 | AR45: 0.03 | AS45: 23.981 | AT45: =L45-AL45 -> 42.001 | AU45: =100*(AT45/L45) -> 59.473811 | AV45: 0 | AW45: Header breach; bottom vent; partial jelly roll expulsion; clean nail hole. TC8,26,27,38,39,45. TC 1 reading low. | AX45: - | AY45: - | AZ45: Middle | BA45: Available | BB45: Manually replaced TCs 26 and 27, 38 and 39, 45 and 46 for series failure | BC45: 13 | BD45: 26 | BE45: =U45/((VLOOKUP(B45,'Cell-Characteristics'!$B$4:$E$34,3,FALSE)*VLOOKUP(B45,'Cell-Characteristics'!$B$4:$E$34,4,FALSE)*3600)/1000) -> 1.5272931 | BF45: =(1000*V45)/AD45 -> 9639.6254 | BG45: =(1000*W45)/AE45 -> 14333.365 | BH45: =(1000*X45)/AF45 -> 15739.894 | BI45: =(1000*U45)/AVERAGE(AD45:AF45) -> 39412.445 | BJ45: =BF45/((VLOOKUP(B45,'Cell-Characteristics'!$B$4:$Q$34,13,FALSE))) -> 179.0786 | BK45: =BG45/((VLOOKUP(B45,'Cell-Characteristics'!$B$4:$Q$34,14,FALSE))) -> 3877.5647 | BL45: =BH45/((VLOOKUP(B45,'Cell-Characteristics'!$B$4:$Q$34,15,FALSE))) -> 4258.0688 | BM45: =BI45/((VLOOKUP(B45,'Cell-Characteristics'!$B$4:$Q$34,16,FALSE))) -> 643.76286 | BN45: =AVERAGE(AD45:AF45) -> 2.5111
B46: KULR 21700-K500 | C46: DLS19_Feb_Run049 | D46: DLS19_Feb | E46: Nail | F46: V9.1 | G46: EYA_9.1_H-F | H46: 43511 | I46: 17 | J46: 100 | K46: 4.112 | L46: 70.5562 | M46: 50.6 | N46: 48.5 | O46: 21700-Brass | P46: 21700-Brass | Q46: Top and Bottom Vent | R46: 83.046289 | S46: 0.024 | T46: 86.185905 | U46: 88.731824 | V46: 33.04205 | W46: 46.970909 | X46: 8.7188652 | Y46: 37.238105 | Z46: 52.935809 | AA46: 9.8260858 | AB46: 2.1461355 | AC46: 0.39978404 | AD46: 1.8078 | AE46: 2.4094 | AF46: 9.4311 | AG46: - | AH46: - | AI46: - | AJ46: - | AK46: - | AL46: 37 | AM46: 2 | AN46: 8 | AO46: 0.6 | AP46: 0.3 | AQ46: 1.5 | AR46: 0.6 | AS46: 20.5562 | AT46: =L46-AL46 -> 33.5562 | AU46: =100*(AT46/L46) -> 47.559534 | AV46: 0 | AW46: First run w/out drill battery. Weird auxillary set-up. Some channels that show broken are on the x-channels. 10, 12, 22, 40 all show that they are out despite newly installed female pins at the breakout box just prior to the run. | AX46: 1700 fps, 0.00058 s exposure, 17.9 um pixels. 20 mm x 12 mm FOV. | AY46: miro_projections_84190.hdf | AZ46: Middle | BA46: Available | BB46: Removed temperature outlier in TC2 in Rows 229-232. Fixed temperatuers that went negative on positive mating at trigger. | BC46: 8 | BD46: 16 | BE46: =U46/((VLOOKUP(B46,'Cell-Characteristics'!$B$4:$E$34,3,FALSE)*VLOOKUP(B46,'Cell-Characteristics'!$B$4:$E$34,4,FALSE)*3600)/1000) -> 1.3693183 | BF46: =(1000*V46)/AD46 -> 18277.492 | BG46: =(1000*W46)/AE46 -> 19494.857 | BH46: =(1000*X46)/AF46 -> 924.4802 | BI46: =(1000*U46)/AVERAGE(AD46:AF46) -> 19503.929 | BJ46: =BF46/((VLOOKUP(B46,'Cell-Characteristics'!$B$4:$Q$34,13,FALSE))) -> 339.54718 | BK46: =BG46/((VLOOKUP(B46,'Cell-Characteristics'!$B$4:$Q$34,14,FALSE))) -> 5273.8884 | BL46: =BH46/((VLOOKUP(B46,'Cell-Characteristics'!$B$4:$Q$34,15,FALSE))) -> 250.097 | BM46: =BI46/((VLOOKUP(B46,'Cell-Characteristics'!$B$4:$Q$34,16,FALSE))) -> 318.57716 | BN46: =AVERAGE(AD46:AF46) -> 4.5494333
B47: KULR 21700-K500 | C47: DLS19_Feb_Run054 | D47: DLS19_Feb | E47: Nail | F47: V9.1 | G47: EYA_9.1_H-F | H47: 43511 | I47: 18 | J47: 100 | K47: 4.138 | L47: 70.617 | M47: 48 | N47: 45.8 | O47: 21700-Brass | P47: 21700-Brass | Q47: Top and Bottom Vent | R47: 89.650758 | S47: 0.029 | T47: 92.743214 | U47: 96.079443 | V47: 28.619181 | W47: 31.125456 | X47: 36.334805 | Y47: 29.786997 | Z47: 32.395542 | AA47: 37.817461 | AB47: 1.4339016 | AC47: 1.9023269 | AD47: 1.7027 | AE47: 2.6043 | AF47: 7.0171 | AG47: - | AH47: - | AI47: - | AJ47: - | AK47: - | AL47: 31.4 | AM47: 2.9 | AN47: 5.9 | AO47: 0.8 | AP47: 0.8 | AQ47: 6.7 | AR47: 2 | AS47: 20.117 | AT47: =L47-AL47 -> 39.217 | AU47: =100*(AT47/L47) -> 55.534786 | AV47: 0 | AW47: All TCs nominal. Weird aux connector to extensions bundle. Nominal run. | AX47: 1700 fps, 0.00058 s exposure, 17.9 um pixels. 20 mm x 12 mm FOV. | AY47: miro_projections_84194.hdf | AZ47: Middle | BA47: Available | BB47: Replaced TCs 31 and 32 for series failure. Replaced temperature outlier in TC14 and TC17 in Row 735. Replaced temperature outliers in TC2 in Rows 729-732. Fixed temperature outliers at trigger for positive mating and positive bore. | BC47: 7 | BD47: 14 | BE47: =U47/((VLOOKUP(B47,'Cell-Characteristics'!$B$4:$E$34,3,FALSE)*VLOOKUP(B47,'Cell-Characteristics'!$B$4:$E$34,4,FALSE)*3600)/1000) -> 1.4827074 | BF47: =(1000*V47)/AD47 -> 16808.117 | BG47: =(1000*W47)/AE47 -> 11951.563 | BH47: =(1000*X47)/AF47 -> 5178.0373 | BI47: =(1000*U47)/AVERAGE(AD47:AF47) -> 25453.531 | BJ47: =BF47/((VLOOKUP(B47,'Cell-Characteristics'!$B$4:$Q$34,13,FALSE))) -> 312.2501 | BK47: =BG47/((VLOOKUP(B47,'Cell-Characteristics'!$B$4:$Q$34,14,FALSE))) -> 3233.2225 | BL47: =BH47/((VLOOKUP(B47,'Cell-Characteristics'!$B$4:$Q$34,15,FALSE))) -> 1400.7997 | BM47: =BI47/((VLOOKUP(B47,'Cell-Characteristics'!$B$4:$Q$34,16,FALSE))) -> 415.75796 | BN47: =AVERAGE(AD47:AF47) -> 3.7747
B48: KULR 21700-K500 | C48: DLS19_Feb_Run055 | D48: DLS19_Feb | E48: Nail | F48: V9.1 | G48: EYA_9.1_H-F | H48: 43511 | I48: 19 | J48: 100 | K48: 4.157 | L48: 72.9619 | M48: 48.1 | N48: 45.1 | O48: 21700-Brass | P48: 21700-Brass | Q48: Top Vent Only - Bottom Vent Not Actuated | R48: 83.946279 | S48: 0.027 | T48: 85.843593 | U48: 94.033771 | V48: 20.501564 | W48: 73.530876 | X48: 0.0013315005 | Y48: 21.802342 | Z48: 78.196242 | AA48: 0.0014159811 | AB48: 8.1901783 | AC48: 0 | AD48: 1.7051 | AE48: 1.7051 | AF48: 0.4055 | AG48: - | AH48: - | AI48: - | AJ48: - | AK48: - | AL48: 29.6 | AM48: 3.4 | AN48: 11.3 | AO48: 3.3 | AP48: 0 | AQ48: 0 | AR48: 0 | AS48: 25.3619 | AT48: =L48-AL48 -> 43.3619 | AU48: =100*(AT48/L48) -> 59.430881 | AV48: 0 | AW48: TC 22 is out. Weird aux bundle with extensions. Nail penetrated. Nominal runawy event. | AX48: 1700 fps, 0.00058 s exposure, 17.9 um pixels. 20 mm x 12 mm FOV. | AY48: miro_projections_84195.hdf | AZ48: Middle | BA48: Available | BB48: Post-test mesh mass not recorded (-). Replaced X1 with X2 due to failed X1. Removed temperature outlier in X1 and X2 channels in Row 212 (RDE) | BC48: 8 | BD48: 16 | BE48: =U48/((VLOOKUP(B48,'Cell-Characteristics'!$B$4:$E$34,3,FALSE)*VLOOKUP(B48,'Cell-Characteristics'!$B$4:$E$34,4,FALSE)*3600)/1000) -> 1.4511384 | BF48: =(1000*V48)/AD48 -> 12023.672 | BG48: =(1000*W48)/AE48 -> 43124.084 | BH48: =(1000*X48)/AF48 -> 3.2836016 | BI48: =(1000*U48)/AVERAGE(AD48:AF48) -> 73931.733 | BJ48: =BF48/((VLOOKUP(B48,'Cell-Characteristics'!$B$4:$Q$34,13,FALSE))) -> 223.36785 | BK48: =BG48/((VLOOKUP(B48,'Cell-Characteristics'!$B$4:$Q$34,14,FALSE))) -> 11666.236 | BL48: =BH48/((VLOOKUP(B48,'Cell-Characteristics'!$B$4:$Q$34,15,FALSE))) -> 0.88830343 | BM48: =BI48/((VLOOKUP(B48,'Cell-Characteristics'!$B$4:$Q$34,16,FALSE))) -> 1207.6009 | BN48: =AVERAGE(AD48:AF48) -> 1.2719
B49: KULR 21700-K500 | C49: DLS19_Dec_Run046 | D49: DLS19_Dec | E49: Nail | F49: V10.0 | G49: EYAN_1.1_B | H49: 43812 | I49: 464 | J49: 100 | K49: 4.107 | L49: 72.896 | M49: 47.6 | N49: 48.6 | O49: 21700-Brass | P49: 21700-Brass | Q49: Top and Bottom Vent | R49: 85.041395 | S49: 0.0268 | T49: 88.210618 | U49: 91.381881 | V49: 27.075157 | W49: 7.4481079 | X49: 56.858617 | Y49: 29.628583 | Z49: 8.1505302 | AA49: 62.220887 | AB49: 0.37525128 | AC49: 2.7960121 | AD49: 3.1098 | AE49: 2.3086 | AF49: 2.2079 | AG49: - | AH49: - | AI49: - | AJ49: 13.3387 | AK49: - | AL49: 34.6 | AM49: 2.6 | AN49: 1.9 | AO49: 0.4 | AP49: 1.4 | AQ49: 9.6 | AR49: 0 | AS49: 22.396 | AT49: 38.296 | AU49: 52.535119 | AV49: 0 | AW49: TCs 66, 99, 102 were out. TC 97 was reading values that were high prior to the run, remove from calculations. Nail penetration system required adjustment before third run which was successful! | AX49: 95911 (data), 95912 (brights), 95910 (darks) | AY49: None Recorded | AZ49: Middle | BA49: Available | BC49: 5 | BD49: 6.1728395 | BE49: =U49/((VLOOKUP(B49,'Cell-Characteristics'!$B$4:$E$34,3,FALSE)*VLOOKUP(B49,'Cell-Characteristics'!$B$4:$E$34,4,FALSE)*3600)/1000) -> 1.4102142 | BF49: =(1000*V49)/AD49 -> 8706.3981 | BG49: =(1000*W49)/AE49 -> 3226.2444 | BH49: =(1000*X49)/AF49 -> 25752.351 | BI49: =(1000*U49)/AVERAGE(AD49:AF49) -> 35947.398 | BJ49: =BF49/((VLOOKUP(B49,'Cell-Characteristics'!$B$4:$Q$34,13,FALSE))) -> 161.74172 | BK49: =BG49/((VLOOKUP(B49,'Cell-Characteristics'!$B$4:$Q$34,14,FALSE))) -> 872.78674 | BL49: =BH49/((VLOOKUP(B49,'Cell-Characteristics'!$B$4:$Q$34,15,FALSE))) -> 6966.7105 | BM49: =BI49/((VLOOKUP(B49,'Cell-Characteristics'!$B$4:$Q$34,16,FALSE))) -> 587.16478 | BN49: =AVERAGE(AD49:AF49) -> 2.5421
B50: KULR 21700-K500 | C50: DLS19_Dec_Run048 | D50: DLS19_Dec | E50: Nail | F50: V10.0 | G50: EYAN_1.1_B | H50: 43812 | I50: 544 | J50: 100 | K50: 4.023 | L50: 72.9603 | M50: 48.5 | N50: 45.9 | O50: 21700-Brass | P50: 21700-Brass | Q50: Top and Bottom Vent | R50: 78.26124 | S50: 0.0244 | T50: 81.887305 | U50: 84.163823 | V50: 33.231609 | W50: 50.674338 | X50: 0.25787673 | Y50: 39.484433 | Z50: 60.209168 | AA50: 0.30639854 | AB50: 2.1498632 | AC50: 0.12665563 | AD50: 11.5224 | AE50: 2.1005 | AF50: 11.5224 | AG50: - | AH50: - | AI50: - | AJ50: 17.7335 | AK50: - | AL50: 39 | AM50: 0.7 | AN50: 7.7 | AO50: 0.1 | AP50: 0.1 | AQ50: 0.1 | AR50: 0.1 | AS50: 25.1603 | AT50: 33.9603 | AU50: 46.546272 | AV50: 0 | AW50: TC 30 reading higher (seems to be wrong). TCs 57, 95 are open. Nail penetration occured and triggered TR relatively quickly (nominal run). DPA - No battery debris in negative terminus of calorimeter. | AX50: 95916 (data), 95917 (brights), 95914 (darks) | AY50: None Recorded | AZ50: Middle | BA50: Available | BC50: 7 | BD50: 8.6419753 | BE50: =U50/((VLOOKUP(B50,'Cell-Characteristics'!$B$4:$E$34,3,FALSE)*VLOOKUP(B50,'Cell-Characteristics'!$B$4:$E$34,4,FALSE)*3600)/1000) -> 1.2988244 | BF50: =(1000*V50)/AD50 -> 2884.0874 | BG50: =(1000*W50)/AE50 -> 24124.893 | BH50: =(1000*X50)/AF50 -> 22.38047 | BI50: =(1000*U50)/AVERAGE(AD50:AF50) -> 10041.299 | BJ50: =BF50/((VLOOKUP(B50,'Cell-Characteristics'!$B$4:$Q$34,13,FALSE))) -> 53.578672 | BK50: =BG50/((VLOOKUP(B50,'Cell-Characteristics'!$B$4:$Q$34,14,FALSE))) -> 6526.4388 | BL50: =BH50/((VLOOKUP(B50,'Cell-Characteristics'!$B$4:$Q$34,15,FALSE))) -> 6.054525 | BM50: =BI50/((VLOOKUP(B50,'Cell-Characteristics'!$B$4:$Q$34,16,FALSE))) -> 164.01457 | BN50: =AVERAGE(AD50:AF50) -> 8.3817667
B51: KULR 21700-K500 | C51: DLS19_Dec_Run050 | D51: DLS19_Dec | E51: Nail | F51: V10.0 | G51: EYAN_1.1_B | H51: 43812 | I51: 22 | J51: 100 | K51: 4.15 | L51: 72.6 | M51: 47.7 | N51: 46.2 | O51: 21700-Brass | P51: 21700-Brass | Q51: Top and Bottom Vent | R51: 89.91055 | S51: 0.0292 | T51: 93.569126 | U51: 97.33893 | V51: 29.615448 | W51: 17.743823 | X51: 49.979659 | Y51: 30.425081 | Z51: 18.228907 | AA51: 51.346012 | AB51: 0.82724858 | AC51: 2.9425558 | AD51: 2.0063 | AE51: 1.9062 | AF51: 2.0063 | AG51: - | AH51: - | AI51: - | AJ51: 12.4321 | AK51: - | AL51: 34.5 | AM51: 0.7 | AN51: 2.9 | AO51: 0.7 | AP51: 4.1 | AQ51: 9.4 | AR51: 0.2 | AS51: 20.1 | AT51: 38.1 | AU51: 52.479339 | AV51: 0 | AW51: night crew needs to enter comments.\ | AX51: 95924 (data), 95923 (dark), 95925 (brights) | AY51: None Recorded | AZ51: Middle | BA51: Available | BC51: 3 | BD51: 3.7037037 | BE51: =U51/((VLOOKUP(B51,'Cell-Characteristics'!$B$4:$E$34,3,FALSE)*VLOOKUP(B51,'Cell-Characteristics'!$B$4:$E$34,4,FALSE)*3600)/1000) -> 1.502144 | BF51: =(1000*V51)/AD51 -> 14761.226 | BG51: =(1000*W51)/AE51 -> 9308.4791 | BH51: =(1000*X51)/AF51 -> 24911.359 | BI51: =(1000*U51)/AVERAGE(AD51:AF51) -> 49337.161 | BJ51: =BF51/((VLOOKUP(B51,'Cell-Characteristics'!$B$4:$Q$34,13,FALSE))) -> 274.22432 | BK51: =BG51/((VLOOKUP(B51,'Cell-Characteristics'!$B$4:$Q$34,14,FALSE))) -> 2518.1964 | BL51: =BH51/((VLOOKUP(B51,'Cell-Characteristics'!$B$4:$Q$34,15,FALSE))) -> 6739.1991 | BM51: =BI51/((VLOOKUP(B51,'Cell-Characteristics'!$B$4:$Q$34,16,FALSE))) -> 805.87316 | BN51: =AVERAGE(AD51:AF51) -> 1.9729333
B52: KULR 21700-K500 | C52: DLS19_Dec_Run052 | D52: DLS19_Dec | E52: Nail | F52: V10.0 | G52: EYAN_1.1_B | H52: 43812 | I52: 51 | J52: 100 | K52: 4.17 | L52: 72.51 | M52: 49.4 | N52: 50.1 | O52: 21700-Brass | P52: 21700-Brass | Q52: Top and Bottom Vent | R52: 92.457153 | S52: 0.031 | T52: 96.115708 | U52: 99.208471 | V52: 26.232765 | W52: 8.56907 | X52: 64.406636 | Y52: 26.442061 | Z52: 8.6374378 | AA52: 64.920501 | AB52: 0.43435188 | AC52: 2.6584106 | AD52: 2.3072 | AE52: 2.1065 | AF52: 2.3072 | AG52: - | AH52: - | AI52: - | AJ52: 18.429 | AK52: - | AL52: 30.4 | AM52: 0.5 | AN52: 2.2 | AO52: 0.5 | AP52: 2.4 | AQ52: 11.6 | AR52: 1.1 | AS52: 23.81 | AT52: 42.11 | AU52: 58.074748 | AV52: 0 | AW52: TCs 66, 93 are out. TC 68 reading but shouldn't be - see TC map. | AX52: 95956 (data), 95957 (darks), 95958 (brights) | AY52: None Recorded | AZ52: Middle | BA52: Available | BC52: 6 | BD52: 7.4074074 | BE52: =U52/((VLOOKUP(B52,'Cell-Characteristics'!$B$4:$E$34,3,FALSE)*VLOOKUP(B52,'Cell-Characteristics'!$B$4:$E$34,4,FALSE)*3600)/1000) -> 1.5309949 | BF52: =(1000*V52)/AD52 -> 11369.957 | BG52: =(1000*W52)/AE52 -> 4067.9183 | BH52: =(1000*X52)/AF52 -> 27915.498 | BI52: =(1000*U52)/AVERAGE(AD52:AF52) -> 44283.565 | BJ52: =BF52/((VLOOKUP(B52,'Cell-Characteristics'!$B$4:$Q$34,13,FALSE))) -> 211.22356 | BK52: =BG52/((VLOOKUP(B52,'Cell-Characteristics'!$B$4:$Q$34,14,FALSE))) -> 1100.4824 | BL52: =BH52/((VLOOKUP(B52,'Cell-Characteristics'!$B$4:$Q$34,15,FALSE))) -> 7551.9003 | BM52: =BI52/((VLOOKUP(B52,'Cell-Characteristics'!$B$4:$Q$34,16,FALSE))) -> 723.32773 | BN52: =AVERAGE(AD52:AF52) -> 2.2403
B53: KULR 21700-K500 | C53: DLS19_Dec_Run054 | D53: DLS19_Dec | E53: Nail | F53: V10.0 | G53: EYAN_1.1_B | H53: 43813 | I53: LS LR2170SD IS2788D 0000480 | J53: 100 | K53: 4.175 | L53: 72.9 | M53: 49.3 | N53: 49.3 | O53: 21700-Aluminum | P53: 21700-Brass | Q53: Top and Bottom Vent | R53: 91.36026 | S53: 0.0306 | T53: 94.498839 | U53: 98.519019 | V53: 30.644289 | W53: 30.601578 | X53: 37.273153 | Y53: 31.104947 | Z53: 31.061594 | AA53: 37.833459 | AB53: 1.7017215 | AC53: 2.318459 | AD53: 2.7073 | AE53: 2.2047 | AF53: 2.7073 | AG53: - | AH53: - | AI53: - | AJ53: 25.0709 | AK53: - | AL53: 34.5 | AM53: 1.1 | AN53: 0.9 | AO53: 1.6 | AP53: 1 | AQ53: 7.1 | AR53: 1.4 | AS53: 25.3 | AT53: 38.4 | AU53: 52.674897 | AV53: 0 | AW53: TCs 30, 32 reading values but shouldn't be. TC 93 out. TR ensued fairly quickly after nail pen. | AX53: 95953 (data), 95955 (brights), 95954 (darks) | AY53: None Recorded | AZ53: Top | BA53: Available | BC53: 9 | BD53: 11.111111 | BE53: =U53/((VLOOKUP(B53,'Cell-Characteristics'!$B$4:$E$34,3,FALSE)*VLOOKUP(B53,'Cell-Characteristics'!$B$4:$E$34,4,FALSE)*3600)/1000) -> 1.5203552 | BF53: =(1000*V53)/AD53 -> 11319.133 | BG53: =(1000*W53)/AE53 -> 13880.155 | BH53: =(1000*X53)/AF53 -> 13767.648 | BI53: =(1000*U53)/AVERAGE(AD53:AF53) -> 38790.579 | BJ53: =BF53/((VLOOKUP(B53,'Cell-Characteristics'!$B$4:$Q$34,13,FALSE))) -> 210.27938 | BK53: =BG53/((VLOOKUP(B53,'Cell-Characteristics'!$B$4:$Q$34,14,FALSE))) -> 3754.9589 | BL53: =BH53/((VLOOKUP(B53,'Cell-Characteristics'!$B$4:$Q$34,15,FALSE))) -> 3724.5227 | BM53: =BI53/((VLOOKUP(B53,'Cell-Characteristics'!$B$4:$Q$34,16,FALSE))) -> 633.60529 | BN53: =AVERAGE(AD53:AF53) -> 2.5397667
B54: KULR 21700-K500 | C54: DLS19_Dec_Run056 | D54: DLS19_Dec | E54: Nail | F54: V10.0 | G54: EYAN_1.1_B | H54: 43813 | I54: 533 | J54: 100 | K54: 4.146 | L54: 72.7 | M54: 47.9 | N54: 50.7 | O54: 21700-Aluminum | P54: 21700-Brass | Q54: Top and Bottom Vent | R54: 92.627488 | S54: 0.0296 | T54: 95.680289 | U54: 98.874727 | V54: 33.212484 | W54: =(Z54/100)*U54 -> 42.31932 | X54: =(AA54/100)*U54 -> 23.342923 | Y54: 33.590469 | Z54: 42.800947 | AA54: 23.608584 | AB54: 2.1107807 | AC54: 1.0836571 | AD54: 2.7067 | AE54: 1.803 | AF54: 2.7067 | AG54: - | AH54: - | AI54: - | AJ54: 7.8053 | AK54: - | AL54: 35.5 | AM54: 2.3 | AN54: 4.1 | AO54: 0.3 | AP54: 2.4 | AQ54: 5.9 | AR54: 1.3 | AS54: 20.9 | AT54: 37.2 | AU54: 51.169188 | AV54: 0 | AW54: `night crew needs to enter comments. | AX54: 95948 (data), 95949 (brights), 95947 (darks) | AY54: None Recorded | AZ54: Bottom | BA54: Available | BC54: 10 | BD54: 12.345679 | BE54: =U54/((VLOOKUP(B54,'Cell-Characteristics'!$B$4:$E$34,3,FALSE)*VLOOKUP(B54,'Cell-Characteristics'!$B$4:$E$34,4,FALSE)*3600)/1000) -> 1.5258445 | BF54: =(1000*V54)/AD54 -> 12270.471 | BG54: =(1000*W54)/AE54 -> 23471.614 | BH54: =(1000*X54)/AF54 -> 8624.1263 | BI54: =(1000*U54)/AVERAGE(AD54:AF54) -> 41104.177 | BJ54: =BF54/((VLOOKUP(B54,'Cell-Characteristics'!$B$4:$Q$34,13,FALSE))) -> 227.95271 | BK54: =BG54/((VLOOKUP(B54,'Cell-Characteristics'!$B$4:$Q$34,14,FALSE))) -> 6349.7091 | BL54: =BH54/((VLOOKUP(B54,'Cell-Characteristics'!$B$4:$Q$34,15,FALSE))) -> 2333.0604 | BM54: =BI54/((VLOOKUP(B54,'Cell-Characteristics'!$B$4:$Q$34,16,FALSE))) -> 671.3956 | BN54: =AVERAGE(AD54:AF54) -> 2.4054667
B55: KULR 21700-K500 | C55: DLS19_Dec_Run058 | D55: DLS19_Dec | E55: Nail | F55: V10.0 | G55: EYAN_1.1_B | H55: 43813 | I55: 554 | J55: 100 | K55: 4.0153 | L55: 72.809 | M55: 48.5 | N55: 48.3 | O55: 21700-Aluminum | P55: 21700-Brass | Q55: Top and Bottom Vent | R55: 93.672026 | S55: 0.032 | T55: 97.396326 | U55: 105.86987 | V55: 34.358219 | W55: =(Z55/100)*U55 -> 61.481745 | X55: =(AA55/100)*U55 -> 10.029903 | Y55: 32.453256 | Z55: 58.07294 | AA55: 9.4738036 | AB55: 7.9707818 | AC55: 0.50275963 | AD55: 2.9038 | AE55: 1.3018 | AF55: 2.9038 | AG55: - | AH55: - | AI55: - | AJ55: 7.3123 | AK55: - | AL55: 34.3 | AM55: 0.9 | AN55: 2.6 | AO55: 0.9 | AP55: 2.4 | AQ55: 8.5 | AR55: 0.7 | AS55: 22.509 | AT55: 38.509 | AU55: 52.890439 | AV55: 0 | AW55: TC66,93 | AX55: 95951 (data), 95950 (darks), 95952 (brights) | AY55: None Recorded | AZ55: Bottom | BA55: Available | BC55: 3 | BD55: 3.7037037 | BE55: =U55/((VLOOKUP(B55,'Cell-Characteristics'!$B$4:$E$34,3,FALSE)*VLOOKUP(B55,'Cell-Characteristics'!$B$4:$E$34,4,FALSE)*3600)/1000) -> 1.6337942 | BF55: =(1000*V55)/AD55 -> 11832.158 | BG55: =(1000*W55)/AE55 -> 47228.257 | BH55: =(1000*X55)/AF55 -> 3454.0613 | BI55: =(1000*U55)/AVERAGE(AD55:AF55) -> 44674.6 | BJ55: =BF55/((VLOOKUP(B55,'Cell-Characteristics'!$B$4:$Q$34,13,FALSE))) -> 219.81001 | BK55: =BG55/((VLOOKUP(B55,'Cell-Characteristics'!$B$4:$Q$34,14,FALSE))) -> 12776.526 | BL55: =BH55/((VLOOKUP(B55,'Cell-Characteristics'!$B$4:$Q$34,15,FALSE))) -> 934.41741 | BM55: =BI55/((VLOOKUP(B55,'Cell-Characteristics'!$B$4:$Q$34,16,FALSE))) -> 729.71489 | BN55: =AVERAGE(AD55:AF55) -> 2.3698
B56: LG 18650-HG2 | C56: ESRF18_Oct_Run103 | D56: ESRF18_Oct | E56: Heater (Non-ISC) | F56: V9.0 | G56: EYA_9_H-F | H56: 43401 | I56: 8292 | J56: 100 | K56: 4.145 | L56: 45.35 | M56: 46.9 | N56: 52.6 | O56: 18650-Brass | P56: 18650-Brass | Q56: Top Vent and Bottom Breach | R56: 56.560055 | S56: 0.035 | T56: 59.195473 | U56: 59.671278 | V56: 2.9542832 | W56: 6.1183925 | X56: 50.598602 | Y56: 4.9509301 | Z56: 10.253497 | AA56: 84.795573 | AB56: 0.080420601 | AC56: 0.39538384 | AD56: 7.1246 | AE56: 0.301 | AF56: 2.3112 | AG56: 969.92134 | AH56: 110.1435 | AI56: 106.91271 | AJ56: - | AK56: 322.92264 | AL56: 7.97 | AM56: 1.38 | AN56: 6.3948 | AO56: 0.7029 | AP56: 12.74 | AQ56: 11.2 | AR56: 1.97 | AS56: 2.9923 | AT56: =L56-AL56 -> 37.38 | AU56: =100*(AT56/L56) -> 82.425579 | AV56: 0 | AW56: TC1,3,5,8,30,32. Bottom breach, header vent; header spin groove and crimp are slightly extended above buttom | AX56: None Recorded | AY56: None Recorded | AZ56: Middle | BA56: Not Available | BB56: TC1 & TC2 manually edited to equal average of cell chamber. | BC56: 9 | BD56: 18 | BE56: =U56/((VLOOKUP(B56,'Cell-Characteristics'!$B$4:$E$34,3,FALSE)*VLOOKUP(B56,'Cell-Characteristics'!$B$4:$E$34,4,FALSE)*3600)/1000) -> 1.5347551 | BF56: =(1000*V56)/AD56 -> 414.65952 | BG56: =(1000*W56)/AE56 -> 20326.885 | BH56: =(1000*X56)/AF56 -> 21892.784 | BI56: =(1000*U56)/AVERAGE(AD56:AF56) -> 18385.284 | BJ56: =BF56/((VLOOKUP(B56,'Cell-Characteristics'!$B$4:$Q$34,13,FALSE))) -> 11.101906 | BK56: =BG56/((VLOOKUP(B56,'Cell-Characteristics'!$B$4:$Q$34,14,FALSE))) -> 7732.1274 | BL56: =BH56/((VLOOKUP(B56,'Cell-Characteristics'!$B$4:$Q$34,15,FALSE))) -> 8327.7783 | BM56: =BI56/((VLOOKUP(B56,'Cell-Characteristics'!$B$4:$Q$34,16,FALSE))) -> 431.49766 | BN56: =AVERAGE(AD56:AF56) -> 3.2456
B57: LG 18650-HG2 | C57: ESRF18_Oct_Run105 | D57: ESRF18_Oct | E57: Heater (Non-ISC) | F57: V9.0 | G57: EYA_9_H-F | H57: 43401 | I57: 8290 | J57: 100 | K57: 4.155 | L57: 45.535 | M57: 47.7 | N57: 47.6 | O57: 18650-Aluminum | P57: 18650-Brass | Q57: Top Vent | R57: 62.506694 | S57: 0.037 | T57: 72.177283 | U57: 74.170453 | V57: 18.01328 | W57: 55.137421 | X57: 1.0197527 | Y57: 24.286328 | Z57: 74.338794 | AA57: 1.3748772 | AB57: 1.9931699 | AC57: 0 | AD57: 1.6067 | AE57: 1.6067 | AF57: 0 | AG57: 962.83076 | AH57: 96.4929 | AI57: 92.92241 | AJ57: - | AK57: 215.73179 | AL57: 17.22 | AM57: 9.2 | AN57: 9.03 | AO57: 1.13 | AP57: 0 | AQ57: 0 | AR57: 0 | AS57: 8.955 | AT57: =L57-AL57 -> 28.315 | AU57: =100*(AT57/L57) -> 62.182936 | AV57: 0 | AW57: TC8,30. TC2 reading low. The bottom plate blew off the cell. Header vent; full length side wall breach; bottom bulge and scratching; spin groove extrusion and breach. | AX57: None Recorded | AY57: None Recorded | AZ57: Top | BA57: Not Available | BB57: Ejecta matings swapped during set-up. Fixed in EYA. | BC57: 6 | BD57: 12 | BE57: =U57/((VLOOKUP(B57,'Cell-Characteristics'!$B$4:$E$34,3,FALSE)*VLOOKUP(B57,'Cell-Characteristics'!$B$4:$E$34,4,FALSE)*3600)/1000) -> 1.9076763 | BF57: =(1000*V57)/AD57 -> 11211.352 | BG57: =(1000*W57)/AE57 -> 34317.185 | BH57: =(1000*X57)/AF57 -> #DIV/0! | BI57: =(1000*U57)/AVERAGE(AD57:AF57) -> 69244.837 | BJ57: =BF57/((VLOOKUP(B57,'Cell-Characteristics'!$B$4:$Q$34,13,FALSE))) -> 300.16767 | BK57: =BG57/((VLOOKUP(B57,'Cell-Characteristics'!$B$4:$Q$34,14,FALSE))) -> 13053.886 | BL57: =BH57/((VLOOKUP(B57,'Cell-Characteristics'!$B$4:$Q$34,15,FALSE))) -> #DIV/0! | BM57: =BI57/((VLOOKUP(B57,'Cell-Characteristics'!$B$4:$Q$34,16,FALSE))) -> 1625.1577 | BN57: =AVERAGE(AD57:AF57) -> 1.0711333
B58: LG 18650-HG2 | C58: ESRF18_Oct_Run106 | D58: ESRF18_Oct | E58: Heater (Non-ISC) | F58: V9.0 | G58: EYA_9_H-F | H58: 43401 | I58: 8280 | J58: 100 | K58: 4.153 | L58: 45.4902 | M58: 46.1 | N58: 50.6 | O58: 18650-Aluminum | P58: 18650-Brass | Q58: Top Vent | R58: 53.81937 | S58: 0.037 | T58: 55.364701 | U58: 59.491883 | V58: 5.2972669 | W58: 53.332694 | X58: 0.86192283 | Y58: 8.9041842 | Z58: 89.647008 | AA58: 1.4488074 | AB58: 4.1271829 | AC58: 0 | AD58: 1.4035 | AE58: 1.4035 | AF58: 0 | AG58: 954.46046 | AH58: 109.6566 | AI58: 105.13651 | AJ58: - | AK58: 324.99194 | AL58: 6.59 | AM58: 8.71 | AN58: 7.8 | AO58: 4.65 | AP58: 0.1 | AQ58: 0.2 | AR58: 0.15 | AS58: 17.2902 | AT58: =L58-AL58 -> 38.9002 | AU58: =100*(AT58/L58) -> 85.513363 | AV58: 0 | AW58: TC8,29,30,48,49,43. TC 1 reading low. The cell blew off the positive vent. I reatached it for cool down. The baffles were blown back and damaged. Header breach; jelly roll extruded; bottom heavily dented/compressed; sides have small dents/scratches. | AX58: None Recorded | AY58: None Recorded | AZ58: Top | BA58: Available | BB58: TC1, TC2, TC29, and TC38 manually edited. | BC58: 14 | BD58: 28 | BE58: =U58/((VLOOKUP(B58,'Cell-Characteristics'!$B$4:$E$34,3,FALSE)*VLOOKUP(B58,'Cell-Characteristics'!$B$4:$E$34,4,FALSE)*3600)/1000) -> 1.530141 | BF58: =(1000*V58)/AD58 -> 3774.3262 | BG58: =(1000*W58)/AE58 -> 37999.782 | BH58: =(1000*X58)/AF58 -> #DIV/0! | BI58: =(1000*U58)/AVERAGE(AD58:AF58) -> 63582.348 | BJ58: =BF58/((VLOOKUP(B58,'Cell-Characteristics'!$B$4:$Q$34,13,FALSE))) -> 101.0521 | BK58: =BG58/((VLOOKUP(B58,'Cell-Characteristics'!$B$4:$Q$34,14,FALSE))) -> 14454.706 | BL58: =BH58/((VLOOKUP(B58,'Cell-Characteristics'!$B$4:$Q$34,15,FALSE))) -> #DIV/0! | BM58: =BI58/((VLOOKUP(B58,'Cell-Characteristics'!$B$4:$Q$34,16,FALSE))) -> 1492.2606 | BN58: =AVERAGE(AD58:AF58) -> 0.93566667
B59: LG 18650-HG2 | C59: ESRF18_Oct_Run104 | D59: ESRF18_Oct | E59: Heater (Non-ISC) | F59: V9.0 | G59: EYA_9_H-F | H59: 43766 | I59: 8291 | J59: 100 | K59: 4.155 | L59: 45.5522 | M59: 47.4 | N59: 47.7 | O59: 18650-Brass | P59: 18650-Brass | Q59: Top Vent and Bottom Breach | R59: 59.822504 | S59: 0.033 | T59: 61.712678 | U59: 63.340543 | V59: 10.017635 | W59: 21.69134 | X59: 31.631568 | Y59: 15.815518 | Z59: 34.245586 | AA59: 49.938896 | AB59: 0.59137722 | AC59: 1.0364878 | AD59: 1.1018 | AE59: 1.1018 | AF59: 0.5007 | AG59: 911.02348 | AH59: 100.6167 | AI59: 100.28044 | AJ59: - | AK59: 240.73824 | AL59: 13.07 | AM59: 4.06 | AN59: 4.38 | AO59: 2.57 | AP59: 2.95 | AQ59: 4.7 | AR59: 3.13 | AS59: 10.6922 | AT59: =L59-AL59 -> 32.4822 | AU59: =100*(AT59/L59) -> 71.307643 | AV59: 0 | AW59: TC8,30,32,38,39,43,46. One heating cartridge was not correctly attached - power was turned on at 2 A for about 3 seconds before noticing. This data is recorded at the beginning of the run. The bottom plate blew off the cell. Header and bottom breach; two side wall cracks combine for entire length; spin groove breach and extension | AX59: None Recorded | AY59: None Recorded | AZ59: Middle | BA59: Not Available | BB59: TC38 manually edited. | BC59: 12 | BD59: 24 | BE59: =U59/((VLOOKUP(B59,'Cell-Characteristics'!$B$4:$E$34,3,FALSE)*VLOOKUP(B59,'Cell-Characteristics'!$B$4:$E$34,4,FALSE)*3600)/1000) -> 1.6291292 | BF59: =(1000*V59)/AD59 -> 9092.0628 | BG59: =(1000*W59)/AE59 -> 19687.185 | BH59: =(1000*X59)/AF59 -> 63174.691 | BI59: =(1000*U59)/AVERAGE(AD59:AF59) -> 70266.475 | BJ59: =BF59/((VLOOKUP(B59,'Cell-Characteristics'!$B$4:$Q$34,13,FALSE))) -> 243.42677 | BK59: =BG59/((VLOOKUP(B59,'Cell-Characteristics'!$B$4:$Q$34,14,FALSE))) -> 7488.7923 | BL59: =BH59/((VLOOKUP(B59,'Cell-Characteristics'!$B$4:$Q$34,15,FALSE))) -> 24030.969 | BM59: =BI59/((VLOOKUP(B59,'Cell-Characteristics'!$B$4:$Q$34,16,FALSE))) -> 1649.1353 | BN59: =AVERAGE(AD59:AF59) -> 0.90143333
B60: LG 18650-M36 | C60: DLS18_Feb_Run012 | D60: DLS18_Feb | E60: Heater (Non-ISC) | F60: V7.0|8.0 | G60: EYA_7.8_H-F | H60: 43139 | I60: - | J60: 100 | K60: - | L60: 47.5 | M60: 37 | N60: 37 | O60: 18650-Aluminum | P60: 18650-Aluminum | Q60: Top Vent | R60: 66.904113 | S60: 0.08 | T60: 68.393229 | U60: 71.881309 | V60: 11.250205 | W60: 60.164142 | X60: 0.4669625 | Y60: 15.651085 | Z60: 83.699285 | AA60: 0.64962993 | AB60: 3.4880798 | AC60: 0 | AD60: 4.7065001 | AE60: 4.3055 | AF60: 0 | AG60: 907.74375 | AH60: 95.6773 | AI60: 86.960802 | AJ60: - | AK60: 266.08414 | AL60: 12.8 | AM60: 7.5 | AN60: 13.1 | AO60: 3.3 | AP60: 0.1 | AQ60: 0 | AR60: 0 | AS60: 10.7 | AT60: =L60-AL60 -> 34.7 | AU60: =100*(AT60/L60) -> 73.052632 | AV60: 0 | AW60: TC45 did not connect. 4.06A to 3.84A. Note: this is Micro_scan_00016 rather than ...15 as ...15 is the dark field correction scan. Blown out cap, spin groove breach. | AX60: 2000 fps. FOV 1280x800. Pixel size:17.8um | AY60: Micro_scan_00015 | AZ60: Middle | BA60: Available | BB60: Heater current manually edited to constant 3.8A while heater is on. Large heat loss rate. | BC60: 4 | BD60: 8 | BE60: =U60/((VLOOKUP(B60,'Cell-Characteristics'!$B$4:$E$34,3,FALSE)*VLOOKUP(B60,'Cell-Characteristics'!$B$4:$E$34,4,FALSE)*3600)/1000) -> 1.5989998 | BF60: =(1000*V60)/AD60 -> 2390.3548 | BG60: =(1000*W60)/AE60 -> 13973.787 | BH60: =(1000*X60)/AF60 -> #DIV/0! | BI60: =(1000*U60)/AVERAGE(AD60:AF60) -> 23928.531 | BJ60: =BF60/((VLOOKUP(B60,'Cell-Characteristics'!$B$4:$Q$34,13,FALSE))) -> 65.064915 | BK60: =BG60/((VLOOKUP(B60,'Cell-Characteristics'!$B$4:$Q$34,14,FALSE))) -> 5494.1367 | BL60: =BH60/((VLOOKUP(B60,'Cell-Characteristics'!$B$4:$Q$34,15,FALSE))) -> #DIV/0! | BM60: =BI60/((VLOOKUP(B60,'Cell-Characteristics'!$B$4:$Q$34,16,FALSE))) -> 572.11347 | BN60: =AVERAGE(AD60:AF60) -> 3.004
B61: LG 18650-M36 | C61: DLS18_Feb_Run013 | D61: DLS18_Feb | E61: Heater (Non-ISC) | F61: V7.0|8.0 | G61: EYA_7.8_H-F | H61: 43139 | I61: - | J61: 100 | K61: - | L61: 47.5 | M61: 37 | N61: 37 | O61: 18650-Aluminum | P61: 18650-Aluminum | Q61: Top Vent | R61: 68.705483 | S61: 0.03 | T61: 69.37911 | U61: 75.860017 | V61: 12.303085 | W61: 63.06759 | X61: 0.48934186 | Y61: 16.218141 | Z61: 83.1368 | AA61: 0.645059 | AB61: 6.4809072 | AC61: 0 | AD61: 4.1023002 | AE61: 1.4000001 | AF61: 0 | AG61: 906.19272 | AH61: 72.5887 | AI61: 65.900577 | AJ61: - | AK61: 237.99151 | AL61: 16.2 | AM61: 5.1 | AN61: 13.9 | AO61: 1.4 | AP61: 0 | AQ61: 0 | AR61: 0 | AS61: 10.9 | AT61: =L61-AL61 -> 31.3 | AU61: =100*(AT61/L61) -> 65.894737 | AV61: 0 | AW61: Positive side is running without a stilt. Blown out cap, spin groove breach, slight bottom bulge. | AX61: 2000 fps. FOV 1280x800. Pixel size:17.8um | AY61: Micro_scan_00015 | AZ61: Middle | BA61: Available | BB61: Heater current manually edited to constant 3.8A while heater is on. Raw data entered from 1100 seconds. | BC61: 8 | BD61: 16 | BE61: =U61/((VLOOKUP(B61,'Cell-Characteristics'!$B$4:$E$34,3,FALSE)*VLOOKUP(B61,'Cell-Characteristics'!$B$4:$E$34,4,FALSE)*3600)/1000) -> 1.6875062 | BF61: =(1000*V61)/AD61 -> 2999.0698 | BG61: =(1000*W61)/AE61 -> 45048.276 | BH61: =(1000*X61)/AF61 -> #DIV/0! | BI61: =(1000*U61)/AVERAGE(AD61:AF61) -> 41360.893 | BJ61: =BF61/((VLOOKUP(B61,'Cell-Characteristics'!$B$4:$Q$34,13,FALSE))) -> 81.633999 | BK61: =BG61/((VLOOKUP(B61,'Cell-Characteristics'!$B$4:$Q$34,14,FALSE))) -> 17711.833 | BL61: =BH61/((VLOOKUP(B61,'Cell-Characteristics'!$B$4:$Q$34,15,FALSE))) -> #DIV/0! | BM61: =BI61/((VLOOKUP(B61,'Cell-Characteristics'!$B$4:$Q$34,16,FALSE))) -> 988.90832 | BN61: =AVERAGE(AD61:AF61) -> 1.8341001
B62: LG 18650-M36 | C62: DLS18_Feb_Run014 | D62: DLS18_Feb | E62: Heater (Non-ISC) | F62: V7.0|8.0 | G62: EYA_7.8_H-F | H62: 43139 | I62: - | J62: 100 | K62: - | L62: 47.5 | M62: 37 | N62: 37 | O62: 18650-Aluminum | P62: 18650-Aluminum | Q62: Top Vent | R62: 62.298053 | S62: 0.028 | T62: 63.098563 | U62: 75.600128 | V62: 11.112946 | W62: 63.920722 | X62: 0.56646017 | Y62: 14.699639 | Z62: 84.551076 | AA62: 0.74928466 | AB62: 12.501565 | AC62: 0 | AD62: 3.1030998 | AE62: 1.8017998 | AF62: 0 | AG62: 907.63617 | AH62: 91.8451 | AI62: 83.466184 | AJ62: - | AK62: 284.14436 | AL62: 9.7 | AM62: 9.7 | AN62: 11.6 | AO62: 0.7 | AP62: 0 | AQ62: 0 | AR62: 0 | AS62: 15.8 | AT62: =L62-AL62 -> 37.8 | AU62: =100*(AT62/L62) -> 79.578947 | AV62: 0 | AW62: TC 14 out of action. Blown out cap, spin groove breach. | AX62: 2000 fps. FOV 1280x800. Pixel size:17.8um | AY62: Micro_scan_00015 | AZ62: Middle | BA62: Available | BB62: Heater current manually edited to constant 3.8A while heater is on. | BC62: 1 | BD62: 2 | BE62: =U62/((VLOOKUP(B62,'Cell-Characteristics'!$B$4:$E$34,3,FALSE)*VLOOKUP(B62,'Cell-Characteristics'!$B$4:$E$34,4,FALSE)*3600)/1000) -> 1.6817249 | BF62: =(1000*V62)/AD62 -> 3581.2402 | BG62: =(1000*W62)/AE62 -> 35476.041 | BH62: =(1000*X62)/AF62 -> #DIV/0! | BI62: =(1000*U62)/AVERAGE(AD62:AF62) -> 46239.557 | BJ62: =BF62/((VLOOKUP(B62,'Cell-Characteristics'!$B$4:$Q$34,13,FALSE))) -> 97.480545 | BK62: =BG62/((VLOOKUP(B62,'Cell-Characteristics'!$B$4:$Q$34,14,FALSE))) -> 13948.274 | BL62: =BH62/((VLOOKUP(B62,'Cell-Characteristics'!$B$4:$Q$34,15,FALSE))) -> #DIV/0! | BM62: =BI62/((VLOOKUP(B62,'Cell-Characteristics'!$B$4:$Q$34,16,FALSE))) -> 1105.5536 | BN62: =AVERAGE(AD62:AF62) -> 1.6349665
B63: LG 18650-M36 | C63: SPR2021_ESTA_8B100-01_SOC_RUN072 | D63: SPR2021_ESTA_8B100-01_SOC | E63: Heater (Non-ISC) | F63: V10.0 | G63: EYAN_1.1_B | H63: 44298 | I63: M36_100 | J63: 100 | K63: 4.14 | L63: 47.72 | M63: 51.2 | N63: 48.2 | O63: 18650-Brass | P63: 18650-Brass | Q63: Top Vent and Bottom Rupture | R63: 56.372612 | S63: 0.034 | T63: 58.01782 | U63: 58.552882 | V63: 19.798506 | W63: 11.507247 | X63: 27.247129 | Y63: 33.813034 | Z63: 19.652743 | AA63: 46.534223 | AB63: 0.18615676 | AC63: 0.34890608 | AD63: 0.8046 | AE63: 1.8088 | AF63: 2.4096 | AG63: 958.85696 | AH63: 98.5567 | AI63: 93.925588 | AJ63: 109.5023 | AK63: 257.13425 | AL63: 25.2 | AM63: 0.38 | AN63: 3.85 | AO63: 0.92 | AP63: 3.44 | AQ63: 5.88 | AR63: 0.51 | AS63: 7.54 | AT63: 22.52 | AU63: 47.191953 | AV63: 0 | AZ63: Not Applicable | BA63: Not Applicable | BC63: 3 | BD63: 3.7037037 | BE63: =U63/((VLOOKUP(B63,'Cell-Characteristics'!$B$4:$E$34,3,FALSE)*VLOOKUP(B63,'Cell-Characteristics'!$B$4:$E$34,4,FALSE)*3600)/1000) -> 1.3025089 | BF63: =(1000*V63)/AD63 -> 24606.644 | BG63: =(1000*W63)/AE63 -> 6361.8131 | BH63: =(1000*X63)/AF63 -> 11307.74 | BI63: =(1000*U63)/AVERAGE(AD63:AF63) -> 34970.864 | BJ63: =BF63/((VLOOKUP(B63,'Cell-Characteristics'!$B$4:$Q$34,13,FALSE))) -> 669.78726 | BK63: =BG63/((VLOOKUP(B63,'Cell-Characteristics'!$B$4:$Q$34,14,FALSE))) -> 2501.3026 | BL63: =BH63/((VLOOKUP(B63,'Cell-Characteristics'!$B$4:$Q$34,15,FALSE))) -> 4445.9147 | BM63: =BI63/((VLOOKUP(B63,'Cell-Characteristics'!$B$4:$Q$34,16,FALSE))) -> 836.12745 | BN63: =AVERAGE(AD63:AF63) -> 1.6743333
B64: LG 18650-M36 | C64: SPR2021_ESTA_8B100-01_SOC_RUN073 | D64: SPR2021_ESTA_8B100-01_SOC | E64: Heater (Non-ISC) | F64: V10.0 | G64: EYAN_1.1_B | H64: 44298 | I64: M36_100 | J64: 100 | K64: 4.16 | L64: 47.85 | M64: 48.6 | N64: 49.4 | O64: 18650-Brass | P64: 18650-Brass | Q64: Top Vent and Bottom Rupture | R64: 57.697948 | S64: 0.035 | T64: 59.507309 | U64: 60.563758 | V64: 19.808717 | W64: 25.869504 | X64: 14.885537 | Y64: 32.707213 | Z64: 42.714496 | AA64: 24.578291 | AB64: 0.56094991 | AC64: 0.49549948 | AD64: 2.9097 | AE64: 0.9017 | AF64: 1.4054 | AG64: 948.94323 | AH64: 91.6516 | AI64: 86.821724 | AJ64: 101.6865 | AK64: 216.98011 | AL64: 25.3 | AM64: 1.3 | AN64: 6.73 | AO64: 0.73 | AP64: 0.15 | AQ64: 3 | AR64: 0.51 | AS64: 10.13 | AT64: 22.55 | AU64: 47.126437 | AV64: 0 | AZ64: Not Applicable | BA64: Not Applicable | BC64: 0 | BD64: 0 | BE64: =U64/((VLOOKUP(B64,'Cell-Characteristics'!$B$4:$E$34,3,FALSE)*VLOOKUP(B64,'Cell-Characteristics'!$B$4:$E$34,4,FALSE)*3600)/1000) -> 1.3472409 | BF64: =(1000*V64)/AD64 -> 6807.8212 | BG64: =(1000*W64)/AE64 -> 28689.702 | BH64: =(1000*X64)/AF64 -> 10591.673 | BI64: =(1000*U64)/AVERAGE(AD64:AF64) -> 34828.108 | BJ64: =BF64/((VLOOKUP(B64,'Cell-Characteristics'!$B$4:$Q$34,13,FALSE))) -> 185.30735 | BK64: =BG64/((VLOOKUP(B64,'Cell-Characteristics'!$B$4:$Q$34,14,FALSE))) -> 11280.059 | BL64: =BH64/((VLOOKUP(B64,'Cell-Characteristics'!$B$4:$Q$34,15,FALSE))) -> 4164.3756 | BM64: =BI64/((VLOOKUP(B64,'Cell-Characteristics'!$B$4:$Q$34,16,FALSE))) -> 832.71428 | BN64: =AVERAGE(AD64:AF64) -> 1.7389333
B65: LG 18650-M36 | C65: SPR2021_ESTA_8B100-01_SOC_RUN074 | D65: SPR2021_ESTA_8B100-01_SOC | E65: Heater (Non-ISC) | F65: V10.0 | G65: EYAN_1.1_B | H65: 44298 | I65: M36_100 | J65: 100 | K65: 4.14 | L65: 47.96 | M65: 51.1 | N65: 50.8 | O65: 18650-Brass | P65: 18650-Brass | Q65: Top Vent and Bottom Rupture | R65: 56.061467 | S65: 0.0001 | T65: 56.065533 | U65: 57.758734 | V65: 11.859784 | W65: 44.220407 | X65: 1.6785438 | Y65: 20.533317 | Z65: 76.560553 | AA65: 2.9061298 | AB65: 1.5463696 | AC65: 0.14683187 | AD65: 14.3626 | AE65: 0.8018 | AF65: 14.3626 | AG65: 959.58661 | AH65: 91.8455 | AI65: =AH65*AG65/1000 -> 88.133712 | AJ65: 128.3544 | AK65: 241.08762 | AL65: 14.3 | AM65: 10 | AN65: 11.81 | AO65: 0.58 | AP65: 0 | AQ65: 0 | AR65: 0 | AS65: 11.27 | AT65: 33.66 | AU65: 70.183486 | AV65: 0 | AZ65: Not Applicable | BA65: Not Applicable | BB65: Final re-process with EYAN 1.1 | BC65: 0 | BD65: 0 | BE65: =U65/((VLOOKUP(B65,'Cell-Characteristics'!$B$4:$E$34,3,FALSE)*VLOOKUP(B65,'Cell-Characteristics'!$B$4:$E$34,4,FALSE)*3600)/1000) -> 1.2848431 | BF65: =(1000*V65)/AD65 -> 825.74075 | BG65: =(1000*W65)/AE65 -> 55151.417 | BH65: =(1000*X65)/AF65 -> 116.86908 | BI65: =(1000*U65)/AVERAGE(AD65:AF65) -> 5868.3985 | BJ65: =BF65/((VLOOKUP(B65,'Cell-Characteristics'!$B$4:$Q$34,13,FALSE))) -> 22.476475 | BK65: =BG65/((VLOOKUP(B65,'Cell-Characteristics'!$B$4:$Q$34,14,FALSE))) -> 21684.13 | BL65: =BH65/((VLOOKUP(B65,'Cell-Characteristics'!$B$4:$Q$34,15,FALSE))) -> 45.949939 | BM65: =BI65/((VLOOKUP(B65,'Cell-Characteristics'!$B$4:$Q$34,16,FALSE))) -> 140.30906 | BN65: =AVERAGE(AD65:AF65) -> 9.8423333
B66: LG 18650-M36 | C66: SPR2021_ESTA_8B100-01_SOC_RUN075 | D66: SPR2021_ESTA_8B100-01_SOC | E66: Heater (Non-ISC) | F66: V10.0 | G66: EYAN_1.1_B | H66: 44298 | I66: M36_100 | J66: 100 | K66: 4.14 | L66: 47.81 | M66: 47.7 | N66: 50.6 | O66: 18650-Brass | P66: 18650-Brass | Q66: Top Vent | R66: 50.628345 | S66: 0.03 | T66: 52.459834 | U66: 54.082178 | V66: 6.1860552 | W66: 47.081854 | X66: 0.81426959 | Y66: 11.438251 | Z66: 87.056134 | AA66: 1.5056154 | AB66: 1.6223443 | AC66: 0 | AD66: 0.8061 | AE66: 0.8061 | AF66: 0 | AG66: 949.05977 | AH66: 93.2983 | AI66: 88.393972 | AJ66: 108.8527 | AK66: 217.54438 | AL66: 13.61 | AM66: 12.28 | AN66: 10.01 | AO66: 0.99 | AP66: 0 | AQ66: 0 | AR66: 0 | AS66: 10.92 | AT66: 34.2 | AU66: 71.533152 | AV66: 0 | AZ66: Not Applicable | BA66: Not Applicable | BC66: 4 | BD66: 4.9382716 | BE66: =U66/((VLOOKUP(B66,'Cell-Characteristics'!$B$4:$E$34,3,FALSE)*VLOOKUP(B66,'Cell-Characteristics'!$B$4:$E$34,4,FALSE)*3600)/1000) -> 1.2030581 | BF66: =(1000*V66)/AD66 -> 7674.0543 | BG66: =(1000*W66)/AE66 -> 58406.964 | BH66: =(1000*X66)/AF66 -> #DIV/0! | BI66: =(1000*U66)/AVERAGE(AD66:AF66) -> 100636.73 | BJ66: =BF66/((VLOOKUP(B66,'Cell-Characteristics'!$B$4:$Q$34,13,FALSE))) -> 208.88601 | BK66: =BG66/((VLOOKUP(B66,'Cell-Characteristics'!$B$4:$Q$34,14,FALSE))) -> 22964.128 | BL66: =BH66/((VLOOKUP(B66,'Cell-Characteristics'!$B$4:$Q$34,15,FALSE))) -> #DIV/0! | BM66: =BI66/((VLOOKUP(B66,'Cell-Characteristics'!$B$4:$Q$34,16,FALSE))) -> 2406.1497 | BN66: =AVERAGE(AD66:AF66) -> 0.5374
B67: LG 18650-M36 | C67: SPR2021_ESTA_8B100-01_SOC_RUN126 | D67: SPR2021_ESTA_8B100-01_SOC | E67: Nail | F67: V10.0 | G67: EYAN_1.1_B | H67: 44301 | I67: M36_100 | J67: 100 | K67: 4.1592 | L67: 47.86 | M67: 49.1 | N67: 52.3 | O67: 18650-Brass | P67: 18650-Brass | Q67: Top Vent and Bottom Rupture | R67: 67.955262 | S67: 0.018 | T67: 69.074067 | U67: 69.695865 | V67: 33.361939 | W67: 28.761756 | X67: 7.5721691 | Y67: 47.867889 | Z67: 41.267522 | AA67: 10.864589 | AB67: 0.48327327 | AC67: 0.13852485 | AD67: 0.9507 | AE67: 1.3532 | AF67: 2.7087 | AG67: - | AH67: - | AI67: - | AJ67: 23.6643 | AK67: - | AL67: 26.82 | AM67: 1.52 | AN67: 7.96 | AO67: 0.96 | AP67: 0.32 | AQ67: 1.24 | AR67: 0.5 | AS67: 8.54 | AT67: 21.04 | AU67: 43.961555 | AV67: 0 | AZ67: Not Applicable | BA67: Not Applicable | BC67: 3 | BD67: 3.7037037 | BE67: =U67/((VLOOKUP(B67,'Cell-Characteristics'!$B$4:$E$34,3,FALSE)*VLOOKUP(B67,'Cell-Characteristics'!$B$4:$E$34,4,FALSE)*3600)/1000) -> 1.5503846 | BF67: =(1000*V67)/AD67 -> 35091.974 | BG67: =(1000*W67)/AE67 -> 21254.623 | BH67: =(1000*X67)/AF67 -> 2795.4994 | BI67: =(1000*U67)/AVERAGE(AD67:AF67) -> 41712.404 | BJ67: =BF67/((VLOOKUP(B67,'Cell-Characteristics'!$B$4:$Q$34,13,FALSE))) -> 955.19554 | BK67: =BG67/((VLOOKUP(B67,'Cell-Characteristics'!$B$4:$Q$34,14,FALSE))) -> 8356.7758 | BL67: =BH67/((VLOOKUP(B67,'Cell-Characteristics'!$B$4:$Q$34,15,FALSE))) -> 1099.119 | BM67: =BI67/((VLOOKUP(B67,'Cell-Characteristics'!$B$4:$Q$34,16,FALSE))) -> 997.31269 | BN67: =AVERAGE(AD67:AF67) -> 1.6708667
B68: LG 18650-M36 | C68: SPR2021_ESTA_8B100-01_SOC_RUN127 | D68: SPR2021_ESTA_8B100-01_SOC | E68: Nail | F68: V10.0 | G68: EYAN_1.1_B | H68: 44301 | I68: M36_100 | J68: 100 | K68: 4.1673 | L68: 47.92 | M68: 49.4 | N68: 47.9 | O68: 18650-Brass | P68: 18650-Brass | Q68: Top Vent | R68: 70.688476 | S68: 0.018 | T68: 71.703559 | U68: 74.074203 | V68: 23.059707 | W68: 50.31489 | X68: 0.69960567 | Y68: 31.130551 | Z68: 67.924983 | AA68: 0.94446601 | AB68: 2.3706444 | AC68: 0 | AD68: 8.0022 | AE68: 1.1573 | AF68: 0 | AG68: - | AH68: - | AI68: - | AJ68: 18.1151 | AK68: - | AL68: 21.73 | AM68: 1.21 | AN68: 12.47 | AO68: 0 | AP68: 0 | AQ68: 0 | AR68: 0 | AS68: 12.51 | AT68: 26.19 | AU68: 54.653589 | AV68: 0 | AZ68: Not Applicable | BA68: Not Applicable | BC68: 3 | BD68: 3.7037037 | BE68: =U68/((VLOOKUP(B68,'Cell-Characteristics'!$B$4:$E$34,3,FALSE)*VLOOKUP(B68,'Cell-Characteristics'!$B$4:$E$34,4,FALSE)*3600)/1000) -> 1.6477807 | BF68: =(1000*V68)/AD68 -> 2881.6709 | BG68: =(1000*W68)/AE68 -> 43476.1 | BH68: =(1000*X68)/AF68 -> #DIV/0! | BI68: =(1000*U68)/AVERAGE(AD68:AF68) -> 24261.434 | BJ68: =BF68/((VLOOKUP(B68,'Cell-Characteristics'!$B$4:$Q$34,13,FALSE))) -> 78.438427 | BK68: =BG68/((VLOOKUP(B68,'Cell-Characteristics'!$B$4:$Q$34,14,FALSE))) -> 17093.693 | BL68: =BH68/((VLOOKUP(B68,'Cell-Characteristics'!$B$4:$Q$34,15,FALSE))) -> #DIV/0! | BM68: =BI68/((VLOOKUP(B68,'Cell-Characteristics'!$B$4:$Q$34,16,FALSE))) -> 580.07293 | BN68: =AVERAGE(AD68:AF68) -> 3.0531667
B69: LG 18650-M36 | C69: SPR2021_ESTA_8B100-01_SOC_RUN131 | D69: SPR2021_ESTA_8B100-01_SOC | E69: Nail | F69: V10.0 | G69: EYAN_1.1_B | H69: 44301 | I69: M36_60 | J69: 60 | K69: 3.7953 | L69: 47.86 | M69: 50.4 | N69: 52.3 | O69: 18650-Brass | P69: 18650-Brass | Q69: Top Vent | R69: 53.50546 | S69: 0.016 | T69: 55.067471 | U69: 55.87015 | V69: 25.64794 | W69: 30.073084 | X69: 0.14912567 | Y69: 45.906338 | Z69: 53.826747 | AA69: 0.26691475 | AB69: 0.80267921 | AC69: 0 | AD69: 3.6715 | AE69: 2.0137 | AF69: 0 | AG69: - | AH69: - | AI69: - | AJ69: 12.7771 | AK69: - | AL69: 30.79 | AM69: 0.79 | AN69: 6.55 | AO69: 1.53 | AP69: 0 | AQ69: 0 | AR69: 0 | AS69: 8.2 | AT69: 17.07 | AU69: 35.666527 | AV69: 0 | AZ69: Not Applicable | BA69: Not Applicable | BC69: 2 | BD69: 2.4691358 | BE69: =U69/((VLOOKUP(B69,'Cell-Characteristics'!$B$4:$E$34,3,FALSE)*VLOOKUP(B69,'Cell-Characteristics'!$B$4:$E$34,4,FALSE)*3600)/1000) -> 1.2428315 | BF69: =(1000*V69)/AD69 -> 6985.6843 | BG69: =(1000*W69)/AE69 -> 14934.243 | BH69: =(1000*X69)/AF69 -> #DIV/0! | BI69: =(1000*U69)/AVERAGE(AD69:AF69) -> 29481.892 | BJ69: =BF69/((VLOOKUP(B69,'Cell-Characteristics'!$B$4:$Q$34,13,FALSE))) -> 190.14874 | BK69: =BG69/((VLOOKUP(B69,'Cell-Characteristics'!$B$4:$Q$34,14,FALSE))) -> 5871.7632 | BL69: =BH69/((VLOOKUP(B69,'Cell-Characteristics'!$B$4:$Q$34,15,FALSE))) -> #DIV/0! | BM69: =BI69/((VLOOKUP(B69,'Cell-Characteristics'!$B$4:$Q$34,16,FALSE))) -> 704.8902 | BN69: =AVERAGE(AD69:AF69) -> 1.8950667
B70: LG 18650-M36 | C70: SPR2021_ESTA_8B100-01_SOC_RUN132 | D70: SPR2021_ESTA_8B100-01_SOC | E70: Nail | F70: V10.0 | H70: 44301 | I70: M36_60 | J70: 60 | K70: 3.7844 | L70: 47.93 | M70: 50.8 | N70: 52.3 | O70: 18650-Brass | P70: 18650-Brass | Q70: Top Vent | R70: 47.910804 | S70: 0.011 | T70: 49.077081 | U70: 49.659078 | V70: 24.957229 | W70: 24.579799 | X70: 0.1220501 | Y70: 50.257134 | Z70: 49.49709 | AA70: 0.24577601 | AB70: 0.5819964 | AC70: 0 | AD70: 2 | AE70: 2 | AF70: 2 | AG70: - | AH70: - | AI70: - | AJ70: 17.755 | AK70: - | AL70: 32.48 | AM70: 0.62 | AN70: 5.67 | AO70: 1.82 | AP70: 0 | AQ70: 0 | AR70: 0 | AS70: 7.34 | AT70: 15.45 | AU70: 32.234509 | AV70: 0 | AZ70: Not Applicable | BA70: Not Applicable | BB70: Manually replaced TC2 with 1, TC91 with 92 Auto heat loss rate and TR time. | BC70: 4 | BD70: 4.9382716 | BE70: =U70/((VLOOKUP(B70,'Cell-Characteristics'!$B$4:$E$34,3,FALSE)*VLOOKUP(B70,'Cell-Characteristics'!$B$4:$E$34,4,FALSE)*3600)/1000) -> 1.1046662 | BF70: =(1000*V70)/AD70 -> 12478.615 | BG70: =(1000*W70)/AE70 -> 12289.899 | BH70: =(1000*X70)/AF70 -> 61.02505 | BI70: =(1000*U70)/AVERAGE(AD70:AF70) -> 24829.539 | BJ70: =BF70/((VLOOKUP(B70,'Cell-Characteristics'!$B$4:$Q$34,13,FALSE))) -> 339.66505 | BK70: =BG70/((VLOOKUP(B70,'Cell-Characteristics'!$B$4:$Q$34,14,FALSE))) -> 4832.0749 | BL70: =BH70/((VLOOKUP(B70,'Cell-Characteristics'!$B$4:$Q$34,15,FALSE))) -> 23.993493 | BM70: =BI70/((VLOOKUP(B70,'Cell-Characteristics'!$B$4:$Q$34,16,FALSE))) -> 593.65589 | BN70: =AVERAGE(AD70:AF70) -> 2
B71: LG 18650-M36 | C71: SPR2021_ESTA_8B100-01_SOC_RUN133 | D71: SPR2021_ESTA_8B100-01_SOC | E71: Nail | F71: V10.0 | H71: 44301 | I71: M36_60 | J71: 60 | K71: 3.7918 | L71: 47.78 | M71: 47.9 | N71: 52.3 | O71: 18650-Brass | P71: 18650-Brass | Q71: Top Vent | R71: 51.692096 | S71: 0.013 | T71: 52.86399 | U71: 53.675558 | V71: 23.852969 | W71: 29.760347 | X71: 0.062241801 | Y71: 44.439163 | Z71: 55.444878 | AA71: 0.1159593 | AB71: 0.81156802 | AC71: 0 | AD71: 2 | AE71: 2 | AF71: 2 | AG71: - | AH71: - | AI71: - | AJ71: 16.2382 | AK71: - | AL71: 28.69 | AM71: 0.7 | AN71: 8.88 | AO71: 2.51 | AP71: 0 | AQ71: 0 | AR71: 0 | AS71: 7 | AT71: 19.09 | AU71: 39.953956 | AV71: 0.0001 | AZ71: Not Applicable | BA71: Not Applicable | BB71: Manually replaced TC91 with 92 Auto heat loss rate and TR time. | BC71: 4 | BD71: 4.9382716 | BE71: =U71/((VLOOKUP(B71,'Cell-Characteristics'!$B$4:$E$34,3,FALSE)*VLOOKUP(B71,'Cell-Characteristics'!$B$4:$E$34,4,FALSE)*3600)/1000) -> 1.1940128 | BF71: =(1000*V71)/AD71 -> 11926.484 | BG71: =(1000*W71)/AE71 -> 14880.174 | BH71: =(1000*X71)/AF71 -> 31.120901 | BI71: =(1000*U71)/AVERAGE(AD71:AF71) -> 26837.779 | BJ71: =BF71/((VLOOKUP(B71,'Cell-Characteristics'!$B$4:$Q$34,13,FALSE))) -> 324.63619 | BK71: =BG71/((VLOOKUP(B71,'Cell-Characteristics'!$B$4:$Q$34,14,FALSE))) -> 5850.5047 | BL71: =BH71/((VLOOKUP(B71,'Cell-Characteristics'!$B$4:$Q$34,15,FALSE))) -> 12.235944 | BM71: =BI71/((VLOOKUP(B71,'Cell-Characteristics'!$B$4:$Q$34,16,FALSE))) -> 641.67142 | BN71: =AVERAGE(AD71:AF71) -> 2
B72: LG 18650-M36 | C72: SPR2021_ESTA_8B100-01_SOC_RUN134 | D72: SPR2021_ESTA_8B100-01_SOC | E72: Nail | F72: V10.0 | G72: EYAN_1.1_B | H72: 44301 | I72: M36_60 | J72: 60 | K72: 3.7946 | L72: 47.73 | M72: 48 | N72: 52.3 | O72: 18650-Brass | P72: 18650-Brass | Q72: Top Vent | R72: 52.601625 | S72: 0.015 | T72: 53.844951 | U72: 54.400551 | V72: 30.843726 | W72: 23.517708 | X72: 0.039117827 | Y72: 56.697451 | Z72: 43.230642 | AA72: 0.071907042 | AB72: 0.55559987 | AC72: 0 | AD72: 2.9263 | AE72: 1.6107 | AF72: 0 | AG72: - | AH72: - | AI72: - | AJ72: 15.1341 | AK72: - | AL72: 33.31 | AM72: 0.57 | AN72: 5.06 | AO72: 1.31 | AP72: 0 | AQ72: 0 | AR72: 0 | AS72: 7.48 | AT72: 14.42 | AU72: 30.211607 | AV72: 0 | AZ72: Not Applicable | BA72: Not Applicable | BC72: 4 | BD72: 4.9382716 | BE72: =U72/((VLOOKUP(B72,'Cell-Characteristics'!$B$4:$E$34,3,FALSE)*VLOOKUP(B72,'Cell-Characteristics'!$B$4:$E$34,4,FALSE)*3600)/1000) -> 1.2101403 | BF72: =(1000*V72)/AD72 -> 10540.179 | BG72: =(1000*W72)/AE72 -> 14600.924 | BH72: =(1000*X72)/AF72 -> #DIV/0! | BI72: =(1000*U72)/AVERAGE(AD72:AF72) -> 35971.27 | BJ72: =BF72/((VLOOKUP(B72,'Cell-Characteristics'!$B$4:$Q$34,13,FALSE))) -> 286.90127 | BK72: =BG72/((VLOOKUP(B72,'Cell-Characteristics'!$B$4:$Q$34,14,FALSE))) -> 5740.7107 | BL72: =BH72/((VLOOKUP(B72,'Cell-Characteristics'!$B$4:$Q$34,15,FALSE))) -> #DIV/0! | BM72: =BI72/((VLOOKUP(B72,'Cell-Characteristics'!$B$4:$Q$34,16,FALSE))) -> 860.04644 | BN72: =AVERAGE(AD72:AF72) -> 1.5123333
B73: LG 18650-M36 | C73: SPR2021_ESTA_8B100-01_SOC_RUN135 | D73: SPR2021_ESTA_8B100-01_SOC | E73: Nail | F73: V10.0 | G73: EYAN_1.1_B | H73: 44302 | I73: M36_40 | J73: 40 | K73: 5.945 | L73: 47.74 | M73: 53.5 | N73: 52.9 | O73: 18650-Brass | P73: 18650-Brass | Q73: No Ejection | R73: 13.721007 | S73: 0.004 | T73: 15.513223 | U73: 15.513728 | V73: 15.196709 | W73: 0.12462755 | X73: 0.19239086 | Y73: 97.95653 | Z73: 0.80333724 | AA73: 1.240133 | AB73: 0.00050463116 | AC73: 0 | AD73: 4.4412 | AE73: 4.4412 | AF73: 0.963 | AG73: - | AH73: - | AI73: - | AJ73: 16.8864 | AK73: - | AL73: 47.56 | AM73: 0 | AN73: 0 | AO73: 0 | AP73: 0 | AQ73: 0 | AR73: 0 | AS73: 0.18 | AT73: 0.18 | AU73: 0.37704231 | AV73: 0.0026 | AZ73: Not Applicable | BA73: Not Applicable | BC73: 0 | BD73: 0 | BE73: =U73/((VLOOKUP(B73,'Cell-Characteristics'!$B$4:$E$34,3,FALSE)*VLOOKUP(B73,'Cell-Characteristics'!$B$4:$E$34,4,FALSE)*3600)/1000) -> 0.34510289 | BF73: =(1000*V73)/AD73 -> 3421.7575 | BG73: =(1000*W73)/AE73 -> 28.061685 | BH73: =(1000*X73)/AF73 -> 199.78283 | BI73: =(1000*U73)/AVERAGE(AD73:AF73) -> 4727.2009 | BJ73: =BF73/((VLOOKUP(B73,'Cell-Characteristics'!$B$4:$Q$34,13,FALSE))) -> 93.139461 | BK73: =BG73/((VLOOKUP(B73,'Cell-Characteristics'!$B$4:$Q$34,14,FALSE))) -> 11.033139 | BL73: =BH73/((VLOOKUP(B73,'Cell-Characteristics'!$B$4:$Q$34,15,FALSE))) -> 78.549512 | BM73: =BI73/((VLOOKUP(B73,'Cell-Characteristics'!$B$4:$Q$34,16,FALSE))) -> 113.02387 | BN73: =AVERAGE(AD73:AF73) -> 3.2818
B74: LG 18650-M36 | C74: SPR2021_ESTA_8B100-01_SOC_RUN136 | D74: SPR2021_ESTA_8B100-01_SOC | E74: Nail | F74: V10.0 | G74: EYAN_1.1_B | H74: 44302 | I74: M36_40 | J74: 40 | K74: 3.6303 | L74: 47.85 | M74: 53.5 | N74: 52.9 | O74: 18650-Brass | P74: 18650-Brass | Q74: Top Vent | R74: 40.963027 | S74: 0.015 | T74: 43.224809 | U74: 43.461133 | V74: 27.402495 | W74: 15.945585 | X74: 0.11305333 | Y74: 63.050576 | Z74: 36.689299 | AA74: 0.26012514 | AB74: 0.23632382 | AC74: 0 | AD74: 1.564 | AE74: 1.564 | AF74: 0 | AG74: - | AH74: - | AI74: - | AJ74: 24.7827 | AK74: - | AL74: 38.47 | AM74: 0.44 | AN74: 2.55 | AO74: 0.49 | AP74: 0 | AQ74: 0 | AR74: 0 | AS74: 5.9 | AT74: 9.38 | AU74: 19.602926 | AV74: 0 | AZ74: Not Applicable | BA74: Not Applicable | BC74: 1 | BD74: 1.2345679 | BE74: =U74/((VLOOKUP(B74,'Cell-Characteristics'!$B$4:$E$34,3,FALSE)*VLOOKUP(B74,'Cell-Characteristics'!$B$4:$E$34,4,FALSE)*3600)/1000) -> 0.96679295 | BF74: =(1000*V74)/AD74 -> 17520.777 | BG74: =(1000*W74)/AE74 -> 10195.387 | BH74: =(1000*X74)/AF74 -> #DIV/0! | BI74: =(1000*U74)/AVERAGE(AD74:AF74) -> 41682.672 | BJ74: =BF74/((VLOOKUP(B74,'Cell-Characteristics'!$B$4:$Q$34,13,FALSE))) -> 476.91155 | BK74: =BG74/((VLOOKUP(B74,'Cell-Characteristics'!$B$4:$Q$34,14,FALSE))) -> 4008.566 | BL74: =BH74/((VLOOKUP(B74,'Cell-Characteristics'!$B$4:$Q$34,15,FALSE))) -> #DIV/0! | BM74: =BI74/((VLOOKUP(B74,'Cell-Characteristics'!$B$4:$Q$34,16,FALSE))) -> 996.60183 | BN74: =AVERAGE(AD74:AF74) -> 1.0426667
B75: LG 18650-M36 | C75: SPR2021_ESTA_8B100-01_SOC_RUN137 | D75: SPR2021_ESTA_8B100-01_SOC | E75: Nail | F75: V10.0 | G75: EYAN_1.1_B | H75: 44302 | I75: M36_40 | J75: 40 | K75: 3.6236 | L75: 47.81 | M75: 50.8 | N75: 52.9 | O75: 18650-Brass | P75: 18650-Brass | Q75: Top Vent | R75: 38.17773 | S75: 0.0102 | T75: 32.63227 | U75: 33.017685 | V75: 8.9704705 | W75: 21.41112 | X75: 2.6360944 | Y75: 27.168684 | Z75: 64.84743 | AA75: 7.9838862 | AB75: 0.38541482 | AC75: 0 | AD75: 0 | AE75: 0 | AF75: 0 | AG75: - | AH75: - | AI75: - | AJ75: 24.4666 | AK75: - | AL75: 15.24 | AM75: 11.26 | AN75: 12.38 | AO75: 4 | AP75: 0 | AQ75: 0 | AR75: 0 | AS75: 4.93 | AT75: 32.57 | AU75: 68.123823 | AV75: 0 | AZ75: Not Applicable | BA75: Not Applicable | BB75: Final re-process with EYAN 1.1 | BC75: 3 | BD75: 3.7037037 | BE75: =U75/((VLOOKUP(B75,'Cell-Characteristics'!$B$4:$E$34,3,FALSE)*VLOOKUP(B75,'Cell-Characteristics'!$B$4:$E$34,4,FALSE)*3600)/1000) -> 0.73447843 | BF75: =(1000*V75)/AD75 -> #DIV/0! | BG75: =(1000*W75)/AE75 -> #DIV/0! | BH75: =(1000*X75)/AF75 -> #DIV/0! | BI75: =(1000*U75)/AVERAGE(AD75:AF75) -> #DIV/0! | BJ75: =BF75/((VLOOKUP(B75,'Cell-Characteristics'!$B$4:$Q$34,13,FALSE))) -> #DIV/0! | BK75: =BG75/((VLOOKUP(B75,'Cell-Characteristics'!$B$4:$Q$34,14,FALSE))) -> #DIV/0! | BL75: =BH75/((VLOOKUP(B75,'Cell-Characteristics'!$B$4:$Q$34,15,FALSE))) -> #DIV/0! | BM75: =BI75/((VLOOKUP(B75,'Cell-Characteristics'!$B$4:$Q$34,16,FALSE))) -> #DIV/0! | BN75: =AVERAGE(AD75:AF75) -> 0
B76: LG 18650-M36 | C76: SPR2021_ESTA_8B100-01_SOC_RUN138 | D76: SPR2021_ESTA_8B100-01_SOC | E76: Nail | F76: V10.0 | G76: EYAN_1.1_B | H76: 44302 | I76: M36_40 | J76: 40 | K76: 3.6302 | L76: 47.88 | M76: 47.7 | N76: 52.9 | O76: 18650-Brass | P76: 18650-Brass | Q76: Top Vent | R76: 41.308844 | S76: 0.0122 | T76: 34.930776 | U76: 35.125425 | V76: 0 | W76: 35.125425 | X76: 0 | Y76: 0 | Z76: 100 | AA76: 0 | AB76: 0.19464899 | AC76: 0 | AD76: 0 | AE76: 0 | AF76: 0 | AG76: - | AH76: - | AI76: - | AJ76: 16.3562 | AK76: - | AL76: 38.49 | AM76: 0.54 | AN76: 2.4 | AO76: 0.31 | AP76: 0 | AQ76: 0 | AR76: 0 | AS76: 6.14 | AT76: 9.39 | AU76: 19.611529 | AV76: 0 | AZ76: Not Applicable | BA76: Not Applicable | BB76: Final re-process with EYAN 1.1 | BC76: 4 | BD76: 4.9382716 | BE76: =U76/((VLOOKUP(B76,'Cell-Characteristics'!$B$4:$E$34,3,FALSE)*VLOOKUP(B76,'Cell-Characteristics'!$B$4:$E$34,4,FALSE)*3600)/1000) -> 0.78136512 | BF76: =(1000*V76)/AD76 -> #DIV/0! | BG76: =(1000*W76)/AE76 -> #DIV/0! | BH76: =(1000*X76)/AF76 -> #DIV/0! | BI76: =(1000*U76)/AVERAGE(AD76:AF76) -> #DIV/0! | BJ76: =BF76/((VLOOKUP(B76,'Cell-Characteristics'!$B$4:$Q$34,13,FALSE))) -> #DIV/0! | BK76: =BG76/((VLOOKUP(B76,'Cell-Characteristics'!$B$4:$Q$34,14,FALSE))) -> #DIV/0! | BL76: =BH76/((VLOOKUP(B76,'Cell-Characteristics'!$B$4:$Q$34,15,FALSE))) -> #DIV/0! | BM76: =BI76/((VLOOKUP(B76,'Cell-Characteristics'!$B$4:$Q$34,16,FALSE))) -> #DIV/0! | BN76: =AVERAGE(AD76:AF76) -> 0
B77: LG 18650-M36 | C77: SPR2021_ESTA_8B100-01_SOC_RUN139 | D77: SPR2021_ESTA_8B100-01_SOC | E77: Nail | F77: V10.0 | G77: EYAN_1.1_B | H77: 44302 | I77: M36_20 | J77: 20 | K77: 3.4129 | L77: 47.8 | M77: 50.2 | N77: 52.9 | O77: 18650-Brass | P77: 18650-Brass | Q77: No Ejection | R77: 5.267127 | S77: 0.001 | T77: 5.1356139 | U77: 5.1357065 | V77: 0 | W77: 5.1357065 | X77: 0 | Y77: 0 | Z77: 100 | AA77: 0 | AB77: 9.2590206e-05 | AC77: 0 | AD77: 0 | AE77: 0 | AF77: 0 | AG77: - | AH77: - | AI77: - | AJ77: 18.0783 | AK77: - | AL77: 47.7 | AM77: 0 | AN77: 0 | AO77: 0 | AP77: 0 | AQ77: 0 | AR77: 0 | AS77: 0.1 | AT77: 0.1 | AU77: 0.20920502 | AV77: 0.0151 | AZ77: Not Applicable | BA77: Not Applicable | BB77: Final re-process with EYAN 1.1 | BC77: 11 | BD77: 13.580247 | BE77: =U77/((VLOOKUP(B77,'Cell-Characteristics'!$B$4:$E$34,3,FALSE)*VLOOKUP(B77,'Cell-Characteristics'!$B$4:$E$34,4,FALSE)*3600)/1000) -> 0.1142438 | BF77: =(1000*V77)/AD77 -> #DIV/0! | BG77: =(1000*W77)/AE77 -> #DIV/0! | BH77: =(1000*X77)/AF77 -> #DIV/0! | BI77: =(1000*U77)/AVERAGE(AD77:AF77) -> #DIV/0! | BJ77: =BF77/((VLOOKUP(B77,'Cell-Characteristics'!$B$4:$Q$34,13,FALSE))) -> #DIV/0! | BK77: =BG77/((VLOOKUP(B77,'Cell-Characteristics'!$B$4:$Q$34,14,FALSE))) -> #DIV/0! | BL77: =BH77/((VLOOKUP(B77,'Cell-Characteristics'!$B$4:$Q$34,15,FALSE))) -> #DIV/0! | BM77: =BI77/((VLOOKUP(B77,'Cell-Characteristics'!$B$4:$Q$34,16,FALSE))) -> #DIV/0! | BN77: =AVERAGE(AD77:AF77) -> 0
B78: LG 18650-M36 | C78: SPR2021_ESTA_8B100-01_SOC_RUN141 | D78: SPR2021_ESTA_8B100-01_SOC | E78: Nail | F78: V10.0 | G78: EYAN_1.1_B | H78: 44302 | I78: M36_20 | J78: 20 | K78: 3.4545 | L78: 47.89 | M78: 50.2 | N78: 52.9 | O78: 18650-Brass | P78: 18650-Brass | Q78: No Ejection | R78: 6.9998582 | S78: 0.0022 | T78: 6.3932379 | U78: 6.3935268 | V78: 4.0394287 | W78: 1.2207209 | X78: 1.1333772 | Y78: 63.179976 | Z78: 19.093076 | AA78: 17.726948 | AB78: 0.00028893026 | AC78: 0 | AD78: 0 | AE78: 0 | AF78: 0 | AG78: - | AH78: - | AI78: - | AJ78: 10.0606 | AK78: - | AL78: 47.7 | AM78: 0 | AN78: 0 | AO78: 0 | AP78: 0 | AQ78: 0 | AR78: 0 | AS78: 0.19 | AT78: 0.19 | AU78: 0.39674253 | AV78: 0.0076 | AZ78: Not Applicable | BA78: Not Applicable | BB78: Final re-process with EYAN 1.1 | BC78: 6 | BD78: 7.4074074 | BE78: =U78/((VLOOKUP(B78,'Cell-Characteristics'!$B$4:$E$34,3,FALSE)*VLOOKUP(B78,'Cell-Characteristics'!$B$4:$E$34,4,FALSE)*3600)/1000) -> 0.14222401 | BF78: =(1000*V78)/AD78 -> #DIV/0! | BG78: =(1000*W78)/AE78 -> #DIV/0! | BH78: =(1000*X78)/AF78 -> #DIV/0! | BI78: =(1000*U78)/AVERAGE(AD78:AF78) -> #DIV/0! | BJ78: =BF78/((VLOOKUP(B78,'Cell-Characteristics'!$B$4:$Q$34,13,FALSE))) -> #DIV/0! | BK78: =BG78/((VLOOKUP(B78,'Cell-Characteristics'!$B$4:$Q$34,14,FALSE))) -> #DIV/0! | BL78: =BH78/((VLOOKUP(B78,'Cell-Characteristics'!$B$4:$Q$34,15,FALSE))) -> #DIV/0! | BM78: =BI78/((VLOOKUP(B78,'Cell-Characteristics'!$B$4:$Q$34,16,FALSE))) -> #DIV/0! | BN78: =AVERAGE(AD78:AF78) -> 0
B79: LG 18650-MJ1 (Korean) | C79: ESTA17_Oct_O-F_Run001 | D79: ESTA17_Oct_O-F | E79: Heater (Non-ISC) | F79: V7.0|8.0 | G79: EYA_7.8_H-F | H79: 43027 | I79: - | J79: 100 | K79: - | L79: 47 | M79: 39.4 | N79: 39.1 | O79: 18650-Aluminum | P79: 18650-Aluminum | Q79: Top Vent and Bottum Rupture | R79: 78.769972 | S79: 0.033 | T79: 79.277906 | U79: 87.479749 | V79: 12.539274 | W79: 64.953996 | X79: 9.9864795 | Y79: 14.333917 | Z79: 74.250322 | AA79: 11.415761 | AB79: 7.6532324 | AC79: 0.54861155 | AD79: 4.4481997 | AE79: 0.42299986 | AF79: 2.0411 | AG79: 990.00815 | AH79: 84.8989 | AI79: 84.059915 | AK79: 256.22474 | AL79: 11.3 | AM79: 3.6 | AN79: 11.3 | AO79: 1.7 | AP79: 0.4 | AQ79: 1.8 | AR79: 0.1 | AS79: 16.8 | AT79: =L79-AL79 -> 35.7 | AU79: =100*(AT79/L79) -> 75.957447 | AV79: 0 | AW79: Completed for Orion Test series, NASA ID: OrionFlight_Run1 | AX79: Not Applicable | AY79: Not Applicable | AZ79: Not Applicable | BA79: Not Applicable | BB79: - | BC79: 0 | BD79: 0 | BE79: =U79/((VLOOKUP(B79,'Cell-Characteristics'!$B$4:$E$34,3,FALSE)*VLOOKUP(B79,'Cell-Characteristics'!$B$4:$E$34,4,FALSE)*3600)/1000) -> 1.9133803 | BF79: =(1000*V79)/AD79 -> 2818.9549 | BG79: =(1000*W79)/AE79 -> 153555.6 | BH79: =(1000*X79)/AF79 -> 4892.6948 | BI79: =(1000*U79)/AVERAGE(AD79:AF79) -> 37966.995 | BJ79: =BF79/((VLOOKUP(B79,'Cell-Characteristics'!$B$4:$Q$34,13,FALSE))) -> 76.73131 | BK79: =BG79/((VLOOKUP(B79,'Cell-Characteristics'!$B$4:$Q$34,14,FALSE))) -> 60374.143 | BL79: =BH79/((VLOOKUP(B79,'Cell-Characteristics'!$B$4:$Q$34,15,FALSE))) -> 1923.6828 | BM79: =BI79/((VLOOKUP(B79,'Cell-Characteristics'!$B$4:$Q$34,16,FALSE))) -> 907.76275 | BN79: =AVERAGE(AD79:AF79) -> 2.3040999
B80: LG 18650-MJ1 (Korean) | C80: ESTA17_Oct_O-F_Run002 | D80: ESTA17_Oct_O-F | E80: Heater (Non-ISC) | F80: V7.0|8.0 | G80: EYA_7.8_H-F | H80: 43027 | I80: - | J80: 100 | K80: - | L80: 47 | M80: 38.2 | N80: 38.7 | O80: 18650-Aluminum | P80: 18650-Aluminum | Q80: Top Vent and Bottom Rupture | R80: 66.228346 | S80: 0.026 | T80: 66.711759 | U80: 69.408989 | V80: 15.517805 | W80: 36.371815 | X80: 17.519369 | Y80: 22.357054 | Z80: 52.402168 | AA80: 25.240778 | AB80: 1.6129878 | AC80: 1.0842423 | AD80: 1.013 | AE80: 1.5230002 | AF80: 0.60500002 | AG80: 772.11534 | AH80: 106.7582 | AI80: 82.55537 | AK80: 252.97538 | AL80: 15.2 | AM80: 2.1 | AN80: 12.7 | AO80: 1.4 | AP80: 0.9 | AQ80: 3.1 | AR80: 0.4 | AS80: 11.2 | AT80: =L80-AL80 -> 31.8 | AU80: =100*(AT80/L80) -> 67.659574 | AV80: 0 | AW80: Completed for Orion Test series, NASA ID: OrionFlight_Run2 | AX80: Not Applicable | AY80: Not Applicable | AZ80: Not Applicable | BA80: Not Applicable | BB80: Manual corrections for series failure. | BC80: 5 | BD80: 10 | BE80: =U80/((VLOOKUP(B80,'Cell-Characteristics'!$B$4:$E$34,3,FALSE)*VLOOKUP(B80,'Cell-Characteristics'!$B$4:$E$34,4,FALSE)*3600)/1000) -> 1.5181319 | BF80: =(1000*V80)/AD80 -> 15318.663 | BG80: =(1000*W80)/AE80 -> 23881.687 | BH80: =(1000*X80)/AF80 -> 28957.633 | BI80: =(1000*U80)/AVERAGE(AD80:AF80) -> 66293.203 | BJ80: =BF80/((VLOOKUP(B80,'Cell-Characteristics'!$B$4:$Q$34,13,FALSE))) -> 416.97051 | BK80: =BG80/((VLOOKUP(B80,'Cell-Characteristics'!$B$4:$Q$34,14,FALSE))) -> 9389.6702 | BL80: =BH80/((VLOOKUP(B80,'Cell-Characteristics'!$B$4:$Q$34,15,FALSE))) -> 11385.403 | BM80: =BI80/((VLOOKUP(B80,'Cell-Characteristics'!$B$4:$Q$34,16,FALSE))) -> 1585.0214 | BN80: =AVERAGE(AD80:AF80) -> 1.0470001
B81: LG 18650-MJ1 (Korean) | C81: ESTA17_Oct_O-F_Run004 | D81: ESTA17_Oct_O-F | E81: Heater (Non-ISC) | F81: V7.0|8.0 | G81: EYA_7.8_H-F | H81: 43032 | I81: - | J81: 100 | K81: - | L81: 47 | M81: 37 | N81: 37 | O81: 18650-Aluminum | P81: 18650-Aluminum | Q81: Top Vent | R81: 74.795728 | S81: 0.051 | T81: 75.75468 | U81: 90.847678 | V81: 10.861457 | W81: 79.455163 | X81: 0.53105782 | Y81: 11.95568 | Z81: 87.459762 | AA81: 0.5845585 | AB81: 15.092998 | AC81: 0 | AD81: 1.2389998 | AE81: 1.2389998 | AF81: 0 | AG81: 904.9457 | AH81: 93.7054 | AI81: 84.708066 | AK81: 246.4053 | AL81: 11.3 | AM81: 4 | AN81: 10.6 | AO81: 3.7 | AP81: 0 | AQ81: 0 | AR81: 0 | AS81: 17.4 | AT81: =L81-AL81 -> 35.7 | AU81: =100*(AT81/L81) -> 75.957447 | AV81: 0 | AW81: Completed for Orion Test series, NASA ID: OrionFlight_Run4 | AX81: Not Applicable | AY81: Not Applicable | AZ81: Not Applicable | BA81: Not Applicable | BB81: All TCs recorded zero at row 7344 of RDE tab; row manually replaced with values from previous timestep. | BC81: 1 | BD81: 2 | BE81: =U81/((VLOOKUP(B81,'Cell-Characteristics'!$B$4:$E$34,3,FALSE)*VLOOKUP(B81,'Cell-Characteristics'!$B$4:$E$34,4,FALSE)*3600)/1000) -> 1.9870446 | BF81: =(1000*V81)/AD81 -> 8766.3105 | BG81: =(1000*W81)/AE81 -> 64128.469 | BH81: =(1000*X81)/AF81 -> #DIV/0! | BI81: =(1000*U81)/AVERAGE(AD81:AF81) -> 109985.1 | BJ81: =BF81/((VLOOKUP(B81,'Cell-Characteristics'!$B$4:$Q$34,13,FALSE))) -> 238.61698 | BK81: =BG81/((VLOOKUP(B81,'Cell-Characteristics'!$B$4:$Q$34,14,FALSE))) -> 25213.678 | BL81: =BH81/((VLOOKUP(B81,'Cell-Characteristics'!$B$4:$Q$34,15,FALSE))) -> #DIV/0! | BM81: =BI81/((VLOOKUP(B81,'Cell-Characteristics'!$B$4:$Q$34,16,FALSE))) -> 2629.6622 | BN81: =AVERAGE(AD81:AF81) -> 0.8259999
B82: LG 18650-MJ1 (Korean) | C82: ESTA17_Oct_O-F_Run005 | D82: ESTA17_Oct_O-F | E82: Heater (Non-ISC) | F82: V7.0|8.0 | G82: EYA_7.8_H-F | H82: 43032 | I82: - | J82: 100 | K82: - | L82: 47 | M82: 38.5 | N82: 37 | O82: 18650-Aluminum | P82: 18650-Aluminum | Q82: Top Vent | R82: 80.324233 | S82: 0.06 | T82: 81.618283 | U82: 90.470812 | V82: 11.560972 | W82: 78.398594 | X82: 0.5112455 | Y82: 12.778676 | Z82: 86.65623 | AA82: 0.56509441 | AB82: 8.8525287 | AC82: 0 | AD82: 0.41709995 | AE82: 1.4631 | AF82: 0 | AG82: 898.91775 | AH82: 94.6164 | AI82: 85.079395 | AK82: 255.21401 | AL82: 10.5 | AM82: 8.5 | AN82: 13.5 | AO82: 1.7 | AP82: 0 | AQ82: 0 | AR82: 0 | AS82: 12.8 | AT82: =L82-AL82 -> 36.5 | AU82: =100*(AT82/L82) -> 77.659574 | AV82: 0 | AW82: Completed for Orion Test series, NASA ID: OrionFlight_Run5 | AX82: Not Applicable | AY82: Not Applicable | AZ82: Not Applicable | BA82: Not Applicable | BB82: All TCs recorded zero at RDE rows 6129, 6131, 6132; rows manually replaced with values from previous timesteps. | BC82: 1 | BD82: 2 | BE82: =U82/((VLOOKUP(B82,'Cell-Characteristics'!$B$4:$E$34,3,FALSE)*VLOOKUP(B82,'Cell-Characteristics'!$B$4:$E$34,4,FALSE)*3600)/1000) -> 1.9788017 | BF82: =(1000*V82)/AD82 -> 27717.509 | BG82: =(1000*W82)/AE82 -> 53583.895 | BH82: =(1000*X82)/AF82 -> #DIV/0! | BI82: =(1000*U82)/AVERAGE(AD82:AF82) -> 144352.97 | BJ82: =BF82/((VLOOKUP(B82,'Cell-Characteristics'!$B$4:$Q$34,13,FALSE))) -> 754.46429 | BK82: =BG82/((VLOOKUP(B82,'Cell-Characteristics'!$B$4:$Q$34,14,FALSE))) -> 21067.821 | BL82: =BH82/((VLOOKUP(B82,'Cell-Characteristics'!$B$4:$Q$34,15,FALSE))) -> #DIV/0! | BM82: =BI82/((VLOOKUP(B82,'Cell-Characteristics'!$B$4:$Q$34,16,FALSE))) -> 3451.3726 | BN82: =AVERAGE(AD82:AF82) -> 0.6267333
B83: LG 18650-MJ1 (Korean) | C83: ESTA17_Oct_O-F_Run007 | D83: ESTA17_Oct_O-F | E83: Heater (Non-ISC) | F83: V7.0|8.0 | G83: EYA_7.8_H-F | H83: 43032 | I83: - | J83: 100 | K83: - | L83: 47 | M83: 38.4 | N83: 37 | O83: 18650-Aluminum | P83: 18650-Aluminum | Q83: Top Vent | R83: 85.661506 | S83: 0.058 | T83: 86.780128 | U83: 96.824936 | V83: 10.899693 | W83: 85.319189 | X83: 0.60605332 | Y83: 11.257114 | Z83: 88.116959 | AA83: 0.6259269 | AB83: 10.044809 | AC83: 0 | AD83: 0.40199995 | AE83: 1.2020998 | AF83: 0 | AG83: 893.03997 | AH83: 92.6823 | AI83: 82.796146 | AK83: 259.66574 | AL83: 12 | AM83: 0.2 | AN83: 16.9 | AO83: 3.1 | AP83: 0 | AQ83: 0 | AR83: 0 | AS83: 14.8 | AT83: =L83-AL83 -> 35 | AU83: =100*(AT83/L83) -> 74.468085 | AV83: 0 | AW83: Completed for Orion Test series, NASA ID: OrionFlight_Run7. | AX83: Not Applicable | AY83: Not Applicable | AZ83: Not Applicable | BA83: Not Applicable | BB83: - | BC83: 1 | BD83: 2 | BE83: =U83/((VLOOKUP(B83,'Cell-Characteristics'!$B$4:$E$34,3,FALSE)*VLOOKUP(B83,'Cell-Characteristics'!$B$4:$E$34,4,FALSE)*3600)/1000) -> 2.1177808 | BF83: =(1000*V83)/AD83 -> 27113.669 | BG83: =(1000*W83)/AE83 -> 70975.13 | BH83: =(1000*X83)/AF83 -> #DIV/0! | BI83: =(1000*U83)/AVERAGE(AD83:AF83) -> 181082.76 | BJ83: =BF83/((VLOOKUP(B83,'Cell-Characteristics'!$B$4:$Q$34,13,FALSE))) -> 738.02789 | BK83: =BG83/((VLOOKUP(B83,'Cell-Characteristics'!$B$4:$Q$34,14,FALSE))) -> 27905.611 | BL83: =BH83/((VLOOKUP(B83,'Cell-Characteristics'!$B$4:$Q$34,15,FALSE))) -> #DIV/0! | BM83: =BI83/((VLOOKUP(B83,'Cell-Characteristics'!$B$4:$Q$34,16,FALSE))) -> 4329.5547 | BN83: =AVERAGE(AD83:AF83) -> 0.53469992
B84: LG 18650-MJ1 (Korean) | C84: ESTA17_Oct_O-F_Run008 | D84: ESTA17_Oct_O-F | E84: Heater (Non-ISC) | F84: V7.0|8.0 | G84: EYA_7.8_H-F | H84: 43033 | I84: - | J84: 100 | K84: - | L84: 47 | M84: 37 | N84: 37 | O84: 18650-Aluminum | P84: 18650-Aluminum | Q84: Top Vent | R84: 84.073841 | S84: 0.058 | T84: 85.068625 | U84: 95.777729 | V84: 7.3409001 | W84: 87.906547 | X84: 0.53028251 | Y84: 7.6645167 | Z84: 91.781824 | AA84: 0.55365951 | AB84: 10.709105 | AC84: 0 | AD84: 0.63110018 | AE84: 0.63110018 | AF84: 0 | AG84: 923.48202 | AH84: 95.5804 | AI84: 89.176126 | AK84: 254.50624 | AL84: 7.6 | AM84: 5.4 | AN84: 17.7 | AO84: 4.4 | AP84: 0 | AQ84: 0 | AR84: 0 | AS84: 11.9 | AT84: =L84-AL84 -> 39.4 | AU84: =100*(AT84/L84) -> 83.829787 | AV84: 0 | AW84: Completed for Orion Test series, NASA ID: OrionFlight_Run8 | AX84: Not Applicable | AY84: Not Applicable | AZ84: Not Applicable | BA84: Not Applicable | BB84: - | BC84: 0 | BD84: 0 | BE84: =U84/((VLOOKUP(B84,'Cell-Characteristics'!$B$4:$E$34,3,FALSE)*VLOOKUP(B84,'Cell-Characteristics'!$B$4:$E$34,4,FALSE)*3600)/1000) -> 2.094876 | BF84: =(1000*V84)/AD84 -> 11631.909 | BG84: =(1000*W84)/AE84 -> 139290.96 | BH84: =(1000*X84)/AF84 -> #DIV/0! | BI84: =(1000*U84)/AVERAGE(AD84:AF84) -> 227644.67 | BJ84: =BF84/((VLOOKUP(B84,'Cell-Characteristics'!$B$4:$Q$34,13,FALSE))) -> 316.61793 | BK84: =BG84/((VLOOKUP(B84,'Cell-Characteristics'!$B$4:$Q$34,14,FALSE))) -> 54765.65 | BL84: =BH84/((VLOOKUP(B84,'Cell-Characteristics'!$B$4:$Q$34,15,FALSE))) -> #DIV/0! | BM84: =BI84/((VLOOKUP(B84,'Cell-Characteristics'!$B$4:$Q$34,16,FALSE))) -> 5442.8156 | BN84: =AVERAGE(AD84:AF84) -> 0.42073345
B85: LG 18650-MJ1 (Korean) | C85: ESTA17_Oct_O-F_Run010 | D85: ESTA17_Oct_O-F | E85: Heater (Non-ISC) | F85: V7.0|8.0 | G85: EYA_7.8_H-F | H85: 43033 | I85: - | J85: 100 | K85: - | L85: 47 | M85: 37.3 | N85: 37 | O85: 18650-Aluminum | P85: 18650-Aluminum | Q85: Top Vent | R85: 84.693285 | S85: 0.058 | T85: 85.660009 | U85: 92.440431 | V85: 10.504164 | W85: 81.442227 | X85: 0.49404003 | Y85: 11.363171 | Z85: 88.102388 | AA85: 0.5344415 | AB85: 6.7804229 | AC85: 0 | AD85: 0.52510023 | AE85: 1.4611001 | AF85: 0 | AG85: 943.87504 | AH85: 92.1362 | AI85: 86.979664 | AK85: 281.9763 | AL85: 9.38 | AM85: 7.52 | AN85: 15.05 | AO85: 2.27 | AP85: 0 | AQ85: 0 | AR85: 0 | AS85: 12.78 | AT85: =L85-AL85 -> 37.62 | AU85: =100*(AT85/L85) -> 80.042553 | AV85: 0 | AW85: Completed for Orion Test series, NASA ID: OrionFlight_Run10 | AX85: Not Applicable | AY85: Not Applicable | AZ85: Not Applicable | BA85: Not Applicable | BB85: - | BC85: 1 | BD85: 2 | BE85: =U85/((VLOOKUP(B85,'Cell-Characteristics'!$B$4:$E$34,3,FALSE)*VLOOKUP(B85,'Cell-Characteristics'!$B$4:$E$34,4,FALSE)*3600)/1000) -> 2.0218817 | BF85: =(1000*V85)/AD85 -> 20004.112 | BG85: =(1000*W85)/AE85 -> 55740.348 | BH85: =(1000*X85)/AF85 -> #DIV/0! | BI85: =(1000*U85)/AVERAGE(AD85:AF85) -> 139624.03 | BJ85: =BF85/((VLOOKUP(B85,'Cell-Characteristics'!$B$4:$Q$34,13,FALSE))) -> 544.50738 | BK85: =BG85/((VLOOKUP(B85,'Cell-Characteristics'!$B$4:$Q$34,14,FALSE))) -> 21915.683 | BL85: =BH85/((VLOOKUP(B85,'Cell-Characteristics'!$B$4:$Q$34,15,FALSE))) -> #DIV/0! | BM85: =BI85/((VLOOKUP(B85,'Cell-Characteristics'!$B$4:$Q$34,16,FALSE))) -> 3338.3072 | BN85: =AVERAGE(AD85:AF85) -> 0.66206678
B86: LG 18650-MJ1 (Korean) | C86: ESTA17_Nov_O-F_Run011 | D86: ESTA17_Nov_O-F | E86: Heater (Non-ISC) | F86: V7.0|8.0 | G86: EYA_7.8_H-F | H86: 43059 | I86: - | J86: 100 | K86: - | L86: 47 | M86: 37.1 | N86: 37 | O86: 18650-Aluminum | P86: 18650-Aluminum | Q86: Top Vent | R86: 71.984647 | S86: 0.032 | T86: 72.651901 | U86: 81.19466 | V86: 8.7778607 | W86: 71.754321 | X86: 0.66247832 | Y86: 10.810884 | Z86: 88.373202 | AA86: 0.81591365 | AB86: 8.5427588 | AC86: 0 | AD86: 0.70499992 | AE86: 1.7300997 | AF86: 0 | AG86: 942.32813 | AH86: 95.0965 | AI86: 89.729086 | AK86: 294.54362 | AL86: 9.8 | AM86: 8.2 | AN86: 12.2 | AO86: 2.1 | AP86: 0 | AQ86: 0 | AR86: 0 | AS86: 14.7 | AT86: =L86-AL86 -> 37.2 | AU86: =100*(AT86/L86) -> 79.148936 | AV86: 0 | AW86: Completed for Orion Test series, NASA ID: OrionFlight_Run11 | AX86: Not Applicable | AY86: Not Applicable | AZ86: Not Applicable | BA86: Not Applicable | BB86: - | BC86: 1 | BD86: 2 | BE86: =U86/((VLOOKUP(B86,'Cell-Characteristics'!$B$4:$E$34,3,FALSE)*VLOOKUP(B86,'Cell-Characteristics'!$B$4:$E$34,4,FALSE)*3600)/1000) -> 1.7759112 | BF86: =(1000*V86)/AD86 -> 12450.868 | BG86: =(1000*W86)/AE86 -> 41474.097 | BH86: =(1000*X86)/AF86 -> #DIV/0! | BI86: =(1000*U86)/AVERAGE(AD86:AF86) -> 100030.4 | BJ86: =BF86/((VLOOKUP(B86,'Cell-Characteristics'!$B$4:$Q$34,13,FALSE))) -> 338.90978 | BK86: =BG86/((VLOOKUP(B86,'Cell-Characteristics'!$B$4:$Q$34,14,FALSE))) -> 16306.557 | BL86: =BH86/((VLOOKUP(B86,'Cell-Characteristics'!$B$4:$Q$34,15,FALSE))) -> #DIV/0! | BM86: =BI86/((VLOOKUP(B86,'Cell-Characteristics'!$B$4:$Q$34,16,FALSE))) -> 2391.6527 | BN86: =AVERAGE(AD86:AF86) -> 0.81169987
B87: LG 18650-MJ1 (Korean) | C87: ESTA17_Nov_O-F_Run012 | D87: ESTA17_Nov_O-F | E87: Heater (Non-ISC) | F87: V7.0|8.0 | G87: EYA_7.8_H-F | H87: 43059 | I87: - | J87: 100 | K87: - | L87: 47 | M87: 38.4 | N87: 37.3 | O87: 18650-Aluminum | P87: 18650-Aluminum | Q87: Top Vent and Bottom Rupture | R87: 81.602098 | S87: 0.029 | T87: 82.279078 | U87: 86.746323 | V87: 27.372355 | W87: 45.007199 | X87: 14.366769 | Y87: 31.554484 | Z87: 51.883697 | AA87: 16.561819 | AB87: 3.9963987 | AC87: 0.47084637 | AD87: 0.71510029 | AE87: 0.61310005 | AF87: 1.4271002 | AG87: 941.05627 | AH87: 91.0882 | AI87: 85.80904 | AK87: 278.19856 | AL87: 20.2 | AM87: 0.5 | AN87: 7.7 | AO87: 0.5 | AP87: 1.3 | AQ87: 2.1 | AR87: 0.3 | AS87: 14.4 | AT87: =L87-AL87 -> 26.8 | AU87: =100*(AT87/L87) -> 57.021277 | AV87: 0 | AW87: Completed for Orion Test series, NASA ID: OrionFlight_Run12. | AX87: Not Applicable | AY87: Not Applicable | AZ87: Not Applicable | BA87: Not Applicable | BB87: - | BC87: 1 | BD87: 2 | BE87: =U87/((VLOOKUP(B87,'Cell-Characteristics'!$B$4:$E$34,3,FALSE)*VLOOKUP(B87,'Cell-Characteristics'!$B$4:$E$34,4,FALSE)*3600)/1000) -> 1.8973386 | BF87: =(1000*V87)/AD87 -> 38277.645 | BG87: =(1000*W87)/AE87 -> 73409.224 | BH87: =(1000*X87)/AF87 -> 10067.106 | BI87: =(1000*U87)/AVERAGE(AD87:AF87) -> 94450.303 | BJ87: =BF87/((VLOOKUP(B87,'Cell-Characteristics'!$B$4:$Q$34,13,FALSE))) -> 1041.9088 | BK87: =BG87/((VLOOKUP(B87,'Cell-Characteristics'!$B$4:$Q$34,14,FALSE))) -> 28862.634 | BL87: =BH87/((VLOOKUP(B87,'Cell-Characteristics'!$B$4:$Q$34,15,FALSE))) -> 3958.1293 | BM87: =BI87/((VLOOKUP(B87,'Cell-Characteristics'!$B$4:$Q$34,16,FALSE))) -> 2258.2368 | BN87: =AVERAGE(AD87:AF87) -> 0.91843351
B88: LG 18650-MJ1 (Korean) | C88: ESTA17_Nov_O-F_Run013 | D88: ESTA17_Nov_O-F | E88: Heater (Non-ISC) | F88: V7.0|8.0 | G88: EYA_7.8_H-F | H88: 43059 | I88: - | J88: 100 | K88: - | L88: 47 | M88: 37.9 | N88: 37 | O88: 18650-Aluminum | P88: 18650-Aluminum | Q88: Top Vent | R88: 87.257261 | S88: 0.033 | T88: 87.715449 | U88: 100.37486 | V88: 17.438237 | W88: 81.611479 | X88: 1.325144 | Y88: 17.373112 | Z88: 81.306693 | AA88: 1.3201951 | AB88: 12.659411 | AC88: 0 | AD88: 0.51300001 | AE88: 0.41099978 | AF88: 0 | AG88: 939.89359 | AH88: 95.9805 | AI88: 90.301049 | AK88: 312.43869 | AL88: 13.9 | AM88: 0.6 | AN88: 17.7 | AO88: 0.1 | AP88: 0 | AQ88: 0 | AR88: 0 | AS88: 14.7 | AT88: =L88-AL88 -> 33.1 | AU88: =100*(AT88/L88) -> 70.425532 | AV88: 0 | AW88: Completed for Orion Test series, NASA ID: OrionFlight_Run13 | AX88: Not Applicable | AY88: Not Applicable | AZ88: Not Applicable | BA88: Not Applicable | BB88: - | BC88: 3 | BD88: 6 | BE88: =U88/((VLOOKUP(B88,'Cell-Characteristics'!$B$4:$E$34,3,FALSE)*VLOOKUP(B88,'Cell-Characteristics'!$B$4:$E$34,4,FALSE)*3600)/1000) -> 2.1954256 | BF88: =(1000*V88)/AD88 -> 33992.663 | BG88: =(1000*W88)/AE88 -> 198568.18 | BH88: =(1000*X88)/AF88 -> #DIV/0! | BI88: =(1000*U88)/AVERAGE(AD88:AF88) -> 325892.48 | BJ88: =BF88/((VLOOKUP(B88,'Cell-Characteristics'!$B$4:$Q$34,13,FALSE))) -> 925.27255 | BK88: =BG88/((VLOOKUP(B88,'Cell-Characteristics'!$B$4:$Q$34,14,FALSE))) -> 78071.945 | BL88: =BH88/((VLOOKUP(B88,'Cell-Characteristics'!$B$4:$Q$34,15,FALSE))) -> #DIV/0! | BM88: =BI88/((VLOOKUP(B88,'Cell-Characteristics'!$B$4:$Q$34,16,FALSE))) -> 7791.8478 | BN88: =AVERAGE(AD88:AF88) -> 0.30799993
B89: LG 18650-MJ1 (Korean) | C89: DLS18_Feb_Run055 | D89: DLS18_Feb | E89: Heater (Non-ISC) | F89: V7.0|8.0 | G89: EYA_7.8_H-F | H89: 43141 | I89: - | J89: 100 | K89: - | L89: 47 | M89: 37 | N89: 37 | O89: 18650-Aluminum | P89: 18650-Brass | Q89: Top Vent | R89: 77.873275 | S89: 0.041 | T89: 79.211722 | U89: 88.684691 | V89: 13.986276 | W89: 73.309566 | X89: 1.3888494 | Y89: 15.77079 | Z89: 82.663157 | AA89: 1.5660532 | AB89: 9.4729691 | AC89: 0 | AD89: 0.79909992 | AE89: 1.5 | AF89: 0 | AG89: 880.58056 | AH89: 101.7382 | AI89: 92.293528 | AK89: 247.36046 | AL89: 13.4 | AM89: 0.5 | AN89: 14.6 | AO89: 3 | AP89: 0.1 | AQ89: 0.3 | AR89: 0.6 | AS89: 14.5 | AT89: =L89-AL89 -> 33.6 | AU89: =100*(AT89/L89) -> 71.489362 | AV89: 0 | AW89: Brass o ring on negative. | AX89: 2000 fps. FOV 1280x800. Pixel size:17.8um | AY89: Miro_scan_00058 | AZ89: Top | BA89: Available | BB89: I1 (heater current) manually edited. | BC89: 2 | BD89: 4 | BE89: =U89/((VLOOKUP(B89,'Cell-Characteristics'!$B$4:$E$34,3,FALSE)*VLOOKUP(B89,'Cell-Characteristics'!$B$4:$E$34,4,FALSE)*3600)/1000) -> 1.9397352 | BF89: =(1000*V89)/AD89 -> 17502.537 | BG89: =(1000*W89)/AE89 -> 48873.044 | BH89: =(1000*X89)/AF89 -> #DIV/0! | BI89: =(1000*U89)/AVERAGE(AD89:AF89) -> 115720.97 | BJ89: =BF89/((VLOOKUP(B89,'Cell-Characteristics'!$B$4:$Q$34,13,FALSE))) -> 476.41509 | BK89: =BG89/((VLOOKUP(B89,'Cell-Characteristics'!$B$4:$Q$34,14,FALSE))) -> 19215.634 | BL89: =BH89/((VLOOKUP(B89,'Cell-Characteristics'!$B$4:$Q$34,15,FALSE))) -> #DIV/0! | BM89: =BI89/((VLOOKUP(B89,'Cell-Characteristics'!$B$4:$Q$34,16,FALSE))) -> 2766.8027 | BN89: =AVERAGE(AD89:AF89) -> 0.76636664
B90: LG 18650-MJ1 (Korean) | C90: DLS18_Feb_Run056 | D90: DLS18_Feb | E90: Heater (Non-ISC) | F90: V7.0|8.0 | G90: EYA_7.8_H-F | H90: 43141 | I90: - | J90: 100 | K90: - | L90: 47 | M90: 37 | N90: 37 | O90: 18650-Aluminum | P90: 18650-Aluminum | Q90: Top Vent | R90: 71.316015 | S90: 0.048 | T90: 72.750701 | U90: 82.28949 | V90: 10.627854 | W90: 71.154413 | X90: 0.50722383 | Y90: 12.915202 | Z90: 86.468408 | AA90: 0.61638956 | AB90: 9.53879 | AC90: 0 | AD90: 0.90089989 | AE90: 3.6023002 | AF90: 0 | AG90: 906.47998 | AH90: 112.5472 | AI90: 102.1014 | AK90: 237.13306 | AL90: 10 | AM90: 6.6 | AN90: 12.7 | AO90: 3.2 | AP90: 0 | AQ90: 0 | AR90: 0 | AS90: 14.5 | AT90: =L90-AL90 -> 37 | AU90: =100*(AT90/L90) -> 78.723404 | AV90: 0 | AW90: - | AX90: 2000 fps. FOV 1280x800. Pixel size:17.8um | AY90: Miro_scan_00059 | AZ90: Middle | BA90: Available | BB90: I1 (heater current) manually edited. | BC90: 2 | BD90: 4 | BE90: =U90/((VLOOKUP(B90,'Cell-Characteristics'!$B$4:$E$34,3,FALSE)*VLOOKUP(B90,'Cell-Characteristics'!$B$4:$E$34,4,FALSE)*3600)/1000) -> 1.7998576 | BF90: =(1000*V90)/AD90 -> 11796.931 | BG90: =(1000*W90)/AE90 -> 19752.494 | BH90: =(1000*X90)/AF90 -> #DIV/0! | BI90: =(1000*U90)/AVERAGE(AD90:AF90) -> 54820.676 | BJ90: =BF90/((VLOOKUP(B90,'Cell-Characteristics'!$B$4:$Q$34,13,FALSE))) -> 321.10979 | BK90: =BG90/((VLOOKUP(B90,'Cell-Characteristics'!$B$4:$Q$34,14,FALSE))) -> 7766.1768 | BL90: =BH90/((VLOOKUP(B90,'Cell-Characteristics'!$B$4:$Q$34,15,FALSE))) -> #DIV/0! | BM90: =BI90/((VLOOKUP(B90,'Cell-Characteristics'!$B$4:$Q$34,16,FALSE))) -> 1310.7218 | BN90: =AVERAGE(AD90:AF90) -> 1.5010667
... B93: LG 18650-MJ1 (Korean) | C93: DLS18_Feb_Run062 | D93: DLS18_Feb | E93: Heater (Non-ISC) | F93: V7.0|8.0 | G93: EYA_7.8_H-F | H93: 43141 | I93: - | J93: 100 | K93: - | L93: 47 | M93: 37 | N93: 37 | O93: 18650-Aluminum | P93: 18650-Brass | Q93: Top Vent | R93: 82.661571 | S93: 0.036 | T93: 83.400196 | U93: 91.613218 | V93: 18.752064 | W93: 71.639978 | X93: 1.2211757 | Y93: 20.468732 | Z93: 78.198299 | AA93: 1.3329689 | AB93: 8.2130219 | AC93: 0 | AD93: 1.2013998 | AE93: 1.6013999 | AF93: 0 | AG93: 906.56049 | AH93: 89.3298 | AI93: 81.079923 | AK93: 269.07317 | AL93: 16.1 | AM93: 2.1 | AN93: 14 | AO93: 4.3 | AP93: 0 | AQ93: 0 | AR93: 0 | AS93: 10.5 | AT93: =L93-AL93 -> 30.9 | AU93: =100*(AT93/L93) -> 65.744681 | AV93: 0 | AW93: TC 37, brass ring on negative. TC 27 failed during TR. | AX93: - | AY93: Miro_scan_00065 | AZ93: Top | BA93: Not Available | BB93: I1 (heater current) manually edited. | BC93: 2 | BD93: 4 | BE93: =U93/((VLOOKUP(B93,'Cell-Characteristics'!$B$4:$E$34,3,FALSE)*VLOOKUP(B93,'Cell-Characteristics'!$B$4:$E$34,4,FALSE)*3600)/1000) -> 2.0037887 | BF93: =(1000*V93)/AD93 -> 15608.513 | BG93: =(1000*W93)/AE93 -> 44735.845 | BH93: =(1000*X93)/AF93 -> #DIV/0! | BI93: =(1000*U93)/AVERAGE(AD93:AF93) -> 98058.97 | BJ93: =BF93/((VLOOKUP(B93,'Cell-Characteristics'!$B$4:$Q$34,13,FALSE))) -> 424.86016 | BK93: =BG93/((VLOOKUP(B93,'Cell-Characteristics'!$B$4:$Q$34,14,FALSE))) -> 17588.993 | BL93: =BH93/((VLOOKUP(B93,'Cell-Characteristics'!$B$4:$Q$34,15,FALSE))) -> #DIV/0! | BM93: =BI93/((VLOOKUP(B93,'Cell-Characteristics'!$B$4:$Q$34,16,FALSE))) -> 2344.5174 | BN93: =AVERAGE(AD93:AF93) -> 0.93426657
B94: LG 18650-MJ1 (Korean) | C94: SPR2021_ESTA_8B100-01_SOC_RUN001 | D94: SPR2021_ESTA_8B100-01_SOC | E94: Nail | F94: V10.0 | G94: EYAN_1.1_B | H94: 44257 | I94: MJ1_20 | J94: 20 | K94: 3.426 | L94: 45.42 | M94: 49.5 | N94: 49.5 | O94: 18650-Brass | P94: 18650-Brass | Q94: No Ejection | R94: 6.4151465 | S94: 0.0013 | T94: 6.7904329 | U94: 6.7904986 | V94: 6.6392141 | W94: 0.066316337 | X94: 0.084968239 | Y94: 97.772114 | Z94: 0.97660483 | AA94: 1.2512813 | AB94: 6.572669e-05 | AC94: 0 | AD94: 11.1349 | AE94: 11.1349 | AF94: 3.1117 | AG94: 0 | AH94: 0 | AI94: 0 | AJ94: 17.5526 | AK94: 18.185355 | AL94: 45.28 | AM94: 0 | AN94: 0 | AO94: 0 | AP94: 0 | AQ94: 0 | AR94: 0 | AS94: 0.14 | AT94: 0.14 | AU94: 0.30823426 | AV94: 0.0002 | AX94: Not Applicable | AY94: Not Applicable | AZ94: Not Applicable | BA94: Not Applicable | BB94: Final re-process with EYAN 1.1 | BC94: 4 | BD94: 4.9382716 | BE94: =U94/((VLOOKUP(B94,'Cell-Characteristics'!$B$4:$E$34,3,FALSE)*VLOOKUP(B94,'Cell-Characteristics'!$B$4:$E$34,4,FALSE)*3600)/1000) -> 0.14852359 | BF94: =(1000*V94)/AD94 -> 596.25269 | BG94: =(1000*W94)/AE94 -> 5.9557192 | BH94: =(1000*X94)/AF94 -> 27.306051 | BI94: =(1000*U94)/AVERAGE(AD94:AF94) -> 802.61198 | BJ94: =BF94/((VLOOKUP(B94,'Cell-Characteristics'!$B$4:$Q$34,13,FALSE))) -> 16.229862 | BK94: =BG94/((VLOOKUP(B94,'Cell-Characteristics'!$B$4:$Q$34,14,FALSE))) -> 2.3416369 | BL94: =BH94/((VLOOKUP(B94,'Cell-Characteristics'!$B$4:$Q$34,15,FALSE))) -> 10.736043 | BM94: =BI94/((VLOOKUP(B94,'Cell-Characteristics'!$B$4:$Q$34,16,FALSE))) -> 19.189858 | BN94: =AVERAGE(AD94:AF94) -> 8.4605
B95: LG 18650-MJ1 (Korean) | C95: SPR2021_ESTA_8B100-01_SOC_RUN002 | D95: SPR2021_ESTA_8B100-01_SOC | E95: Nail | F95: V10.0 | G95: EYAN_1.1_B | H95: 44257 | I95: MJ1_20 | J95: 20 | K95: 3.413 | L95: 45.576111 | M95: 49.5 | N95: 49.5 | O95: 18650-Brass | P95: 18650-Brass | Q95: No Ejection | R95: 6.2357362 | S95: 0.0007 | T95: 6.4935229 | U95: 6.4936181 | V95: 6.3746774 | W95: 0.038630919 | X95: 0.080309827 | Y95: 98.168344 | Z95: 0.59490592 | AA95: 1.2367501 | AB95: 9.5178201e-05 | AC95: 0 | AD95: 8.6575 | AE95: 8.6575 | AF95: 0.5054 | AG95: 0 | AH95: 0 | AI95: 0 | AJ95: 44.596 | AK95: 14.63418 | AL95: 45.43 | AM95: 0 | AN95: 0 | AO95: 0 | AP95: 0 | AQ95: 0 | AR95: 0 | AS95: 0.14611111 | AT95: 0.14611111 | AU95: 0.32058705 | AV95: 0.0002 | AW95: Pre-test cell mass not recorded; used average of all other MJ1 runs to approximate value. | AX95: Not Applicable | AY95: Not Applicable | AZ95: Not Applicable | BA95: Not Applicable | BB95: Final re-process with EYAN 1.1 | BC95: 9 | BD95: 11.111111 | BE95: =U95/((VLOOKUP(B95,'Cell-Characteristics'!$B$4:$E$34,3,FALSE)*VLOOKUP(B95,'Cell-Characteristics'!$B$4:$E$34,4,FALSE)*3600)/1000) -> 0.14203014 | BF95: =(1000*V95)/AD95 -> 736.31849 | BG95: =(1000*W95)/AE95 -> 4.4621332 | BH95: =(1000*X95)/AF95 -> 158.9035 | BI95: =(1000*U95)/AVERAGE(AD95:AF95) -> 1093.1772 | BJ95: =BF95/((VLOOKUP(B95,'Cell-Characteristics'!$B$4:$Q$34,13,FALSE))) -> 20.042422 | BK95: =BG95/((VLOOKUP(B95,'Cell-Characteristics'!$B$4:$Q$34,14,FALSE))) -> 1.754397 | BL95: =BH95/((VLOOKUP(B95,'Cell-Characteristics'!$B$4:$Q$34,15,FALSE))) -> 62.476801 | BM95: =BI95/((VLOOKUP(B95,'Cell-Characteristics'!$B$4:$Q$34,16,FALSE))) -> 26.137057 | BN95: =AVERAGE(AD95:AF95) -> 5.9401333
B96: LG 18650-MJ1 (Korean) | C96: SPR2021_ESTA_8B100-01_SOC_RUN003 | D96: SPR2021_ESTA_8B100-01_SOC | E96: Nail | F96: V10.0 | G96: EYAN_1.1_B | H96: 44257 | I96: MJ1_20 | J96: 20 | K96: 3.358 | L96: 45.36 | M96: 49.5 | N96: 49.5 | O96: 18650-Brass | P96: 18650-Brass | Q96: No Ejection | R96: 5.0074893 | S96: 0.0015 | T96: 5.5200017 | U96: 5.520174 | V96: 5.520174 | W96: 0 | X96: 0 | Y96: 100 | Z96: 0 | AA96: 0 | AB96: 0.00017234167 | AC96: 0 | AD96: 4.0115 | AE96: 0.3026 | AF96: 4.0115 | AG96: 0 | AH96: 0 | AI96: 0 | AJ96: 29.3964 | AK96: 15.84346 | AL96: 45.17 | AM96: 0 | AN96: 0 | AO96: 0 | AP96: 0 | AQ96: 0 | AR96: 0 | AS96: 0.19 | AT96: 0.19 | AU96: 0.41887125 | AV96: 0.0002 | AX96: Not Applicable | AY96: Not Applicable | AZ96: Not Applicable | BA96: Not Applicable | BB96: Final re-process with EYAN 1.1 | BC96: 5 | BD96: 6.1728395 | BE96: =U96/((VLOOKUP(B96,'Cell-Characteristics'!$B$4:$E$34,3,FALSE)*VLOOKUP(B96,'Cell-Characteristics'!$B$4:$E$34,4,FALSE)*3600)/1000) -> 0.12073871 | BF96: =(1000*V96)/AD96 -> 1376.0873 | BG96: =(1000*W96)/AE96 -> 0 | BH96: =(1000*X96)/AF96 -> 0 | BI96: =(1000*U96)/AVERAGE(AD96:AF96) -> 1989.1085 | BJ96: =BF96/((VLOOKUP(B96,'Cell-Characteristics'!$B$4:$Q$34,13,FALSE))) -> 37.456782 | BK96: =BG96/((VLOOKUP(B96,'Cell-Characteristics'!$B$4:$Q$34,14,FALSE))) -> 0 | BL96: =BH96/((VLOOKUP(B96,'Cell-Characteristics'!$B$4:$Q$34,15,FALSE))) -> 0 | BM96: =BI96/((VLOOKUP(B96,'Cell-Characteristics'!$B$4:$Q$34,16,FALSE))) -> 47.558112 | BN96: =AVERAGE(AD96:AF96) -> 2.7752
B97: LG 18650-MJ1 (Korean) | C97: SPR2021_ESTA_8B100-01_SOC_RUN004 | D97: SPR2021_ESTA_8B100-01_SOC | E97: Nail | F97: V10.0 | H97: 44257 | I97: MJ1_20 | J97: 20 | K97: 3.394 | L97: 45.61 | M97: 49.5 | N97: 49.5 | O97: 18650-Brass | P97: 18650-Brass | Q97: No Ejection | R97: 6.072332 | S97: 0.002 | T97: 6.6816395 | U97: 6.6817109 | V97: 6.6817109 | W97: 0 | X97: 0 | Y97: 100 | Z97: 0 | AA97: 0 | AB97: 7.1409691e-05 | AC97: 0 | AD97: 2 | AE97: 2 | AF97: 2 | AG97: 0 | AH97: 0 | AI97: 0 | AJ97: 9.9227 | AK97: 20.85461 | AL97: 45.42 | AM97: 0 | AN97: 0 | AO97: 0 | AP97: 0 | AQ97: 0 | AR97: 0 | AS97: 0.19 | AT97: 0.19 | AU97: 0.41657531 | AV97: 0.0005 | AX97: Not Applicable | AY97: Not Applicable | AZ97: Not Applicable | BA97: Not Applicable | BB97: Manually replaced TC24 with 25. Auto heat loss rate and TR time. | BC97: 4 | BD97: 4.9382716 | BE97: =U97/((VLOOKUP(B97,'Cell-Characteristics'!$B$4:$E$34,3,FALSE)*VLOOKUP(B97,'Cell-Characteristics'!$B$4:$E$34,4,FALSE)*3600)/1000) -> 0.14614416 | BF97: =(1000*V97)/AD97 -> 3340.8554 | BG97: =(1000*W97)/AE97 -> 0 | BH97: =(1000*X97)/AF97 -> 0 | BI97: =(1000*U97)/AVERAGE(AD97:AF97) -> 3340.8554 | BJ97: =BF97/((VLOOKUP(B97,'Cell-Characteristics'!$B$4:$Q$34,13,FALSE))) -> 90.937325 | BK97: =BG97/((VLOOKUP(B97,'Cell-Characteristics'!$B$4:$Q$34,14,FALSE))) -> 0 | BL97: =BH97/((VLOOKUP(B97,'Cell-Characteristics'!$B$4:$Q$34,15,FALSE))) -> 0 | BM97: =BI97/((VLOOKUP(B97,'Cell-Characteristics'!$B$4:$Q$34,16,FALSE))) -> 79.87738 | BN97: =AVERAGE(AD97:AF97) -> 2
B98: LG 18650-MJ1 (Korean) | C98: SPR2021_ESTA_8B100-01_SOC_RUN005 | D98: SPR2021_ESTA_8B100-01_SOC | E98: Nail | F98: V10.0 | G98: EYAN_1.1_B | H98: 44257 | I98: MJ1_20 | J98: 20 | K98: 3.334 | L98: 45.46 | M98: 49.5 | N98: 49.5 | O98: 18650-Brass | P98: 18650-Brass | Q98: No Ejection | R98: 5.2586909 | S98: 0.003 | T98: 6.0008664 | U98: 6.0009223 | V98: 6.0009223 | W98: 0 | X98: 0 | Y98: 100 | Z98: 0 | AA98: 0 | AB98: 5.5877553e-05 | AC98: 0 | AD98: 2.0022 | AE98: 0 | AF98: 2.0022 | AG98: 0 | AH98: 0 | AI98: 0 | AJ98: 10.4407 | AK98: 24.28672 | AL98: 45.31 | AM98: 0 | AN98: 0 | AO98: 0 | AP98: 0 | AQ98: 0 | AR98: 0 | AS98: 0.15 | AT98: 0.15 | AU98: 0.3299604 | AV98: 0 | AX98: Not Applicable | AY98: Not Applicable | AZ98: Not Applicable | BA98: Not Applicable | BB98: Final re-process with EYAN 1.1 | BC98: 6 | BD98: 7.4074074 | BE98: =U98/((VLOOKUP(B98,'Cell-Characteristics'!$B$4:$E$34,3,FALSE)*VLOOKUP(B98,'Cell-Characteristics'!$B$4:$E$34,4,FALSE)*3600)/1000) -> 0.13125377 | BF98: =(1000*V98)/AD98 -> 2997.1643 | BG98: =(1000*W98)/AE98 -> #DIV/0! | BH98: =(1000*X98)/AF98 -> 0 | BI98: =(1000*U98)/AVERAGE(AD98:AF98) -> 4495.7464 | BJ98: =BF98/((VLOOKUP(B98,'Cell-Characteristics'!$B$4:$Q$34,13,FALSE))) -> 81.582129 | BK98: =BG98/((VLOOKUP(B98,'Cell-Characteristics'!$B$4:$Q$34,14,FALSE))) -> #DIV/0! | BL98: =BH98/((VLOOKUP(B98,'Cell-Characteristics'!$B$4:$Q$34,15,FALSE))) -> 0 | BM98: =BI98/((VLOOKUP(B98,'Cell-Characteristics'!$B$4:$Q$34,16,FALSE))) -> 107.48997 | BN98: =AVERAGE(AD98:AF98) -> 1.3348
B99: LG 18650-MJ1 (Korean) | C99: SPR2021_ESTA_8B100-01_SOC_RUN006 | D99: SPR2021_ESTA_8B100-01_SOC | E99: Nail | F99: V10.0 | G99: EYAN_1.1_B | H99: 44258 | I99: MJ1_40 | J99: 40 | K99: 3.617 | L99: 45.55 | M99: 49.5 | N99: 49.5 | O99: 18650-Brass | P99: 18650-Brass | Q99: Bottom Vent | R99: 26.856693 | S99: 0.0104 | T99: 28.196276 | U99: 28.604907 | V99: 10.927719 | W99: 0.045835132 | X99: 17.631353 | Y99: 38.202253 | Z99: 0.16023521 | AA99: 61.637512 | AB99: 0 | AC99: 0.40863088 | AD99: 3.125 | AE99: 0 | AF99: 3.125 | AG99: 0 | AH99: 0 | AI99: 0 | AJ99: 6.3867 | AK99: 16.80411 | AL99: 26.16 | AM99: 0 | AN99: 0 | AO99: 0 | AP99: 6.22 | AQ99: 6.03 | AR99: 0.8 | AS99: 6.34 | AT99: 19.39 | AU99: 42.568606 | AV99: 0 | AX99: Not Applicable | AY99: Not Applicable | AZ99: Not Applicable | BA99: Not Applicable | BB99: Final re-process with EYAN 1.1 | BC99: 9 | BD99: 11.111111 | BE99: =U99/((VLOOKUP(B99,'Cell-Characteristics'!$B$4:$E$34,3,FALSE)*VLOOKUP(B99,'Cell-Characteristics'!$B$4:$E$34,4,FALSE)*3600)/1000) -> 0.62565412 | BF99: =(1000*V99)/AD99 -> 3496.87 | BG99: =(1000*W99)/AE99 -> #DIV/0! | BH99: =(1000*X99)/AF99 -> 5642.0328 | BI99: =(1000*U99)/AVERAGE(AD99:AF99) -> 13730.355 | BJ99: =BF99/((VLOOKUP(B99,'Cell-Characteristics'!$B$4:$Q$34,13,FALSE))) -> 95.184006 | BK99: =BG99/((VLOOKUP(B99,'Cell-Characteristics'!$B$4:$Q$34,14,FALSE))) -> #DIV/0! | BL99: =BH99/((VLOOKUP(B99,'Cell-Characteristics'!$B$4:$Q$34,15,FALSE))) -> 2218.3034 | BM99: =BI99/((VLOOKUP(B99,'Cell-Characteristics'!$B$4:$Q$34,16,FALSE))) -> 328.28263 | BN99: =AVERAGE(AD99:AF99) -> 2.0833333
B100: LG 18650-MJ1 (Korean) | C100: SPR2021_ESTA_8B100-01_SOC_RUN007 | D100: SPR2021_ESTA_8B100-01_SOC | E100: Nail | F100: V10.0 | G100: EYAN_1.1_B | H100: 44258 | I100: MJ1_40 | J100: 40 | K100: 3.593 | L100: 45.31 | M100: 50.7 | N100: 47.7 | O100: 18650-Brass | P100: 18650-Brass | Q100: No Ejection | R100: 10.257073 | S100: 0.0017 | T100: 10.741047 | U100: 10.741183 | V100: 10.741183 | W100: 0 | X100: 0 | Y100: 100 | Z100: 0 | AA100: 0 | AB100: 0.00013586606 | AC100: 0 | AD100: 9.6537 | AE100: 4.1671 | AF100: 9.6537 | AG100: 0 | AH100: 0 | AI100: 0 | AJ100: 17.9989 | AK100: 19.55188 | AL100: 45.09 | AM100: 0 | AN100: 0 | AO100: 0 | AP100: 0 | AQ100: 0 | AR100: 0 | AS100: 0.22 | AT100: 0.22 | AU100: 0.48554403 | AV100: 0 | AX100: Not Applicable | AY100: Not Applicable | AZ100: Not Applicable | BA100: Not Applicable | BB100: Final re-process with EYAN 1.1 | BC100: 9 | BD100: 11.111111 | BE100: =U100/((VLOOKUP(B100,'Cell-Characteristics'!$B$4:$E$34,3,FALSE)*VLOOKUP(B100,'Cell-Characteristics'!$B$4:$E$34,4,FALSE)*3600)/1000) -> 0.234934 | BF100: =(1000*V100)/AD100 -> 1112.6493 | BG100: =(1000*W100)/AE100 -> 0 | BH100: =(1000*X100)/AF100 -> 0 | BI100: =(1000*U100)/AVERAGE(AD100:AF100) -> 1372.7043 | BJ100: =BF100/((VLOOKUP(B100,'Cell-Characteristics'!$B$4:$Q$34,13,FALSE))) -> 30.286061 | BK100: =BG100/((VLOOKUP(B100,'Cell-Characteristics'!$B$4:$Q$34,14,FALSE))) -> 0 | BL100: =BH100/((VLOOKUP(B100,'Cell-Characteristics'!$B$4:$Q$34,15,FALSE))) -> 0 | BM100: =BI100/((VLOOKUP(B100,'Cell-Characteristics'!$B$4:$Q$34,16,FALSE))) -> 32.820344 | BN100: =AVERAGE(AD100:AF100) -> 7.8248333
B101: LG 18650-MJ1 (Korean) | C101: SPR2021_ESTA_8B100-01_SOC_RUN008 | D101: SPR2021_ESTA_8B100-01_SOC | E101: Nail | F101: V10.0 | G101: EYAN_1.1_B | H101: 44258 | I101: MJ1_0 | J101: 0 | K101: 2.201 | L101: 45.65 | M101: 49.5 | N101: 51.4 | O101: 18650-Brass | P101: 18650-Brass | Q101: No Ejection | R101: 2.4379046 | S101: 0.0001 | T101: 2.476838 | U101: 2.4768732 | V101: 2.4407113 | W101: 0.0001546927 | X101: 0.036007239 | Y101: 98.540017 | Z101: 0.0062454832 | AA101: 1.4537377 | AB101: 3.5172166e-05 | AC101: 0 | AD101: 0.1989 | AE101: 0.1989 | AF101: 0 | AG101: 0 | AH101: 0 | AI101: 0 | AJ101: 16.6552 | AK101: 21.973945 | AL101: 45.47 | AM101: 0 | AN101: 0 | AO101: 0 | AP101: 0 | AQ101: 0 | AR101: 0 | AS101: 0.18 | AT101: 0.18 | AU101: 0.39430449 | AV101: 0.0001 | AX101: Not Applicable | AY101: Not Applicable | AZ101: Not Applicable | BA101: Not Applicable | BB101: Final re-process with EYAN 1.1 | BC101: 4 | BD101: 4.9382716 | BE101: =U101/((VLOOKUP(B101,'Cell-Characteristics'!$B$4:$E$34,3,FALSE)*VLOOKUP(B101,'Cell-Characteristics'!$B$4:$E$34,4,FALSE)*3600)/1000) -> 0.05417483 | BF101: =(1000*V101)/AD101 -> 12271.047 | BG101: =(1000*W101)/AE101 -> 0.77774107 | BH101: =(1000*X101)/AF101 -> #DIV/0! | BI101: =(1000*U101)/AVERAGE(AD101:AF101) -> 18679.285 | BJ101: =BF101/((VLOOKUP(B101,'Cell-Characteristics'!$B$4:$Q$34,13,FALSE))) -> 334.01511 | BK101: =BG101/((VLOOKUP(B101,'Cell-Characteristics'!$B$4:$Q$34,14,FALSE))) -> 0.30578795 | BL101: =BH101/((VLOOKUP(B101,'Cell-Characteristics'!$B$4:$Q$34,15,FALSE))) -> #DIV/0! | BM101: =BI101/((VLOOKUP(B101,'Cell-Characteristics'!$B$4:$Q$34,16,FALSE))) -> 446.60788 | BN101: =AVERAGE(AD101:AF101) -> 0.1326
B102: LG 18650-MJ1 (Korean) | C102: SPR2021_ESTA_8B100-01_SOC_RUN009 | D102: SPR2021_ESTA_8B100-01_SOC | E102: Nail | F102: V10.0 | G102: EYAN_1.1_B | H102: 44258 | I102: MJ1_0 | J102: 0 | K102: 2.2 | L102: 45.64 | M102: 49.5 | N102: 51.4 | O102: 18650-Brass | P102: 18650-Brass | Q102: No Ejection | R102: 2.1886118 | S102: 0.0001 | T102: 2.2247955 | U102: 2.2247969 | V102: 2.2218713 | W102: 0.00043667114 | X102: 0.0024889113 | Y102: 99.868501 | Z102: 0.019627461 | AA102: 0.1118714 | AB102: 1.3226676e-06 | AC102: 0 | AD102: 0.7026 | AE102: 0.3015 | AF102: 0.7026 | AG102: 0 | AH102: 0 | AI102: 0 | AJ102: 10.2279 | AK102: 20.643665 | AL102: 45.62 | AM102: 0 | AN102: 0 | AO102: 0 | AP102: 0 | AQ102: 0 | AR102: 0 | AS102: 0.02 | AT102: 0.02 | AU102: 0.043821209 | AV102: 0.0001 | AX102: Not Applicable | AY102: Not Applicable | AZ102: Not Applicable | BA102: Not Applicable | BB102: Final re-process with EYAN 1.1 | BC102: 3 | BD102: 3.7037037 | BE102: =U102/((VLOOKUP(B102,'Cell-Characteristics'!$B$4:$E$34,3,FALSE)*VLOOKUP(B102,'Cell-Characteristics'!$B$4:$E$34,4,FALSE)*3600)/1000) -> 0.048661349 | BF102: =(1000*V102)/AD102 -> 3162.3559 | BG102: =(1000*W102)/AE102 -> 1.4483288 | BH102: =(1000*X102)/AF102 -> 3.54243 | BI102: =(1000*U102)/AVERAGE(AD102:AF102) -> 3910.6994 | BJ102: =BF102/((VLOOKUP(B102,'Cell-Characteristics'!$B$4:$Q$34,13,FALSE))) -> 86.078609 | BK102: =BG102/((VLOOKUP(B102,'Cell-Characteristics'!$B$4:$Q$34,14,FALSE))) -> 0.56944595 | BL102: =BH102/((VLOOKUP(B102,'Cell-Characteristics'!$B$4:$Q$34,15,FALSE))) -> 1.3927931 | BM102: =BI102/((VLOOKUP(B102,'Cell-Characteristics'!$B$4:$Q$34,16,FALSE))) -> 93.501926 | BN102: =AVERAGE(AD102:AF102) -> 0.5689
B103: LG 18650-MJ1 (Korean) | C103: SPR2021_ESTA_8B100-01_SOC_RUN010 | D103: SPR2021_ESTA_8B100-01_SOC | E103: Nail | F103: V10.0 | G103: EYAN_1.1_B | H103: 44259 | I103: MJ1_0 | J103: 0 | K103: 2.203 | L103: 45.65 | M103: 49.5 | N103: 51.4 | O103: 18650-Brass | P103: 18650-Brass | Q103: No Ejection | R103: 1.3200266 | S103: 0.0001 | T103: 1.3703459 | U103: 1.3703713 | V103: 1.0531358 | W103: 0.13106003 | X103: 0.18617545 | Y103: 76.8504 | Z103: 9.5638332 | AA103: 13.585767 | AB103: 2.5393203e-05 | AC103: 0 | AD103: 1.5563 | AE103: 1.5563 | AF103: 0 | AG103: 0 | AH103: 0 | AI103: 0 | AJ103: 5.5098 | AK103: 12.215195 | AL103: 45.56 | AM103: 0 | AN103: 0 | AO103: 0 | AP103: 0 | AQ103: 0 | AR103: 0 | AS103: 0.09 | AT103: 0.09 | AU103: 0.19715225 | AV103: 0.0001 | AX103: Not Applicable | AY103: Not Applicable | AZ103: Not Applicable | BA103: Not Applicable | BB103: Final re-process with EYAN 1.1 | BC103: 4 | BD103: 4.9382716 | BE103: =U103/((VLOOKUP(B103,'Cell-Characteristics'!$B$4:$E$34,3,FALSE)*VLOOKUP(B103,'Cell-Characteristics'!$B$4:$E$34,4,FALSE)*3600)/1000) -> 0.029973126 | BF103: =(1000*V103)/AD103 -> 676.69206 | BG103: =(1000*W103)/AE103 -> 84.212574 | BH103: =(1000*X103)/AF103 -> #DIV/0! | BI103: =(1000*U103)/AVERAGE(AD103:AF103) -> 1320.7974 | BJ103: =BF103/((VLOOKUP(B103,'Cell-Characteristics'!$B$4:$Q$34,13,FALSE))) -> 18.419404 | BK103: =BG103/((VLOOKUP(B103,'Cell-Characteristics'!$B$4:$Q$34,14,FALSE))) -> 33.110236 | BL103: =BH103/((VLOOKUP(B103,'Cell-Characteristics'!$B$4:$Q$34,15,FALSE))) -> #DIV/0! | BM103: =BI103/((VLOOKUP(B103,'Cell-Characteristics'!$B$4:$Q$34,16,FALSE))) -> 31.579288 | BN103: =AVERAGE(AD103:AF103) -> 1.0375333
B104: LG 18650-MJ1 (Korean) | C104: SPR2021_ESTA_8B100-01_SOC_RUN011 | D104: SPR2021_ESTA_8B100-01_SOC | E104: Nail | F104: V10.0 | G104: EYAN_1.1_B | H104: 44259 | I104: MJ1_0 | J104: 0 | K104: 2.202 | L104: 45.55 | M104: 49.5 | N104: 51.4 | O104: 18650-Brass | P104: 18650-Brass | Q104: No Ejection | R104: 2.7891238 | S104: 0.0001 | T104: 2.8504279 | U104: 2.8506207 | V104: 2.7546122 | W104: 0.03582586 | X104: 0.060182574 | Y104: 96.632016 | Z104: 1.256774 | AA104: 2.1112095 | AB104: 0.00019276149 | AC104: 0 | AD104: 9.3588 | AE104: 9.3588 | AF104: 7.2039 | AG104: 0 | AH104: 0 | AI104: 0 | AJ104: 6.3935 | AK104: 19.78651 | AL104: 45.34 | AM104: 0 | AN104: 0 | AO104: 0 | AP104: 0 | AQ104: 0 | AR104: 0 | AS104: 0.21 | AT104: 0.21 | AU104: 0.46103183 | AV104: 0 | AX104: Not Applicable | AY104: Not Applicable | AZ104: Not Applicable | BA104: Not Applicable | BB104: Final re-process with EYAN 1.1 | BC104: 0 | BD104: 0 | BE104: =U104/((VLOOKUP(B104,'Cell-Characteristics'!$B$4:$E$34,3,FALSE)*VLOOKUP(B104,'Cell-Characteristics'!$B$4:$E$34,4,FALSE)*3600)/1000) -> 0.062349533 | BF104: =(1000*V104)/AD104 -> 294.33391 | BG104: =(1000*W104)/AE104 -> 3.8280399 | BH104: =(1000*X104)/AF104 -> 8.3541657 | BI104: =(1000*U104)/AVERAGE(AD104:AF104) -> 329.91385 | BJ104: =BF104/((VLOOKUP(B104,'Cell-Characteristics'!$B$4:$Q$34,13,FALSE))) -> 8.0117021 | BK104: =BG104/((VLOOKUP(B104,'Cell-Characteristics'!$B$4:$Q$34,14,FALSE))) -> 1.5050876 | BL104: =BH104/((VLOOKUP(B104,'Cell-Characteristics'!$B$4:$Q$34,15,FALSE))) -> 3.2846448 | BM104: =BI104/((VLOOKUP(B104,'Cell-Characteristics'!$B$4:$Q$34,16,FALSE))) -> 7.887996 | BN104: =AVERAGE(AD104:AF104) -> 8.6405
...

Sheet V&V-Violence-All
B2: STANDARD DEVIATION
B3: Cell-Description | C3: Max-Norm-Total-Energy | D3: Max-Corrected-Total-Energy-Yield | E3: Max-Heat-Rate-W | F3: Max-Heat-Flux-W/cm2 | G3: Max-Percent-Original-Mass-Ejected
B4: KULR 18650-K330 | C4: =_xlfn.MAXIFS('Fractional-Calorimetry-Data'!$BE$4:$BE$368,'Fractional-Calorimetry-Data'!$B$4:$B$368,'V&V-Violence-All'!$B4,'Fractional-Calorimetry-Data'!$J$4:$J$368,100) -> 1.5351179 | D4: =_xlfn.MAXIFS('Fractional-Calorimetry-Data'!$U$4:$U$368,'Fractional-Calorimetry-Data'!$B$4:$B$368,'V&V-Violence-All'!$B4,'Fractional-Calorimetry-Data'!$J$4:$J$368,100) -> 65.65392 | E4: =_xlfn.MAXIFS('Fractional-Calorimetry-Data'!$BI$4:$BI$368,'Fractional-Calorimetry-Data'!$B$4:$B$368,'V&V-Violence-All'!$B4,'Fractional-Calorimetry-Data'!$J$4:$J$368,100) -> 42169.026 | F4: =_xlfn.MAXIFS('Fractional-Calorimetry-Data'!$BM$4:$BM$368,'Fractional-Calorimetry-Data'!$B$4:$B$368,'V&V-Violence-All'!$B4,'Fractional-Calorimetry-Data'!$J$4:$J$368,100) -> 978.37934 | G4: =_xlfn.MAXIFS('Fractional-Calorimetry-Data'!$AU$4:$AU$368,'Fractional-Calorimetry-Data'!$B$4:$B$368,'V&V-Violence-All'!$B4,'Fractional-Calorimetry-Data'!$J$4:$J$368,100) -> 79.816224
B5: KULR 21700-K500 | C5: =_xlfn.MAXIFS('Fractional-Calorimetry-Data'!$BE$4:$BE$368,'Fractional-Calorimetry-Data'!$B$4:$B$368,'V&V-Violence-All'!$B5,'Fractional-Calorimetry-Data'!$J$4:$J$368,100) -> 1.6337942 | D5: =_xlfn.MAXIFS('Fractional-Calorimetry-Data'!$U$4:$U$368,'Fractional-Calorimetry-Data'!$B$4:$B$368,'V&V-Violence-All'!$B5,'Fractional-Calorimetry-Data'!$J$4:$J$368,100) -> 105.86987 | E5: =_xlfn.MAXIFS('Fractional-Calorimetry-Data'!$BI$4:$BI$368,'Fractional-Calorimetry-Data'!$B$4:$B$368,'V&V-Violence-All'!$B5,'Fractional-Calorimetry-Data'!$J$4:$J$368,100) -> 73931.733 | F5: =_xlfn.MAXIFS('Fractional-Calorimetry-Data'!$BM$4:$BM$368,'Fractional-Calorimetry-Data'!$B$4:$B$368,'V&V-Violence-All'!$B5,'Fractional-Calorimetry-Data'!$J$4:$J$368,100) -> 1207.6009 | G5: =_xlfn.MAXIFS('Fractional-Calorimetry-Data'!$AU$4:$AU$368,'Fractional-Calorimetry-Data'!$B$4:$B$368,'V&V-Violence-All'!$B5,'Fractional-Calorimetry-Data'!$J$4:$J$368,100) -> 59.473811
B6: LG 18650-MJ1 (Korean) | C6: =_xlfn.MAXIFS('Fractional-Calorimetry-Data'!$BE$4:$BE$368,'Fractional-Calorimetry-Data'!$B$4:$B$368,'V&V-Violence-All'!$B6,'Fractional-Calorimetry-Data'!$J$4:$J$368,100) -> 2.1954256 | D6: =_xlfn.MAXIFS('Fractional-Calorimetry-Data'!$U$4:$U$368,'Fractional-Calorimetry-Data'!$B$4:$B$368,'V&V-Violence-All'!$B6,'Fractional-Calorimetry-Data'!$J$4:$J$368,100) -> 100.37486 | E6: =_xlfn.MAXIFS('Fractional-Calorimetry-Data'!$BI$4:$BI$368,'Fractional-Calorimetry-Data'!$B$4:$B$368,'V&V-Violence-All'!$B6,'Fractional-Calorimetry-Data'!$J$4:$J$368,100) -> 325892.48 | F6: =_xlfn.MAXIFS('Fractional-Calorimetry-Data'!$BM$4:$BM$368,'Fractional-Calorimetry-Data'!$B$4:$B$368,'V&V-Violence-All'!$B6,'Fractional-Calorimetry-Data'!$J$4:$J$368,100) -> 7791.8478 | G6: =_xlfn.MAXIFS('Fractional-Calorimetry-Data'!$AU$4:$AU$368,'Fractional-Calorimetry-Data'!$B$4:$B$368,'V&V-Violence-All'!$B6,'Fractional-Calorimetry-Data'!$J$4:$J$368,100) -> 83.829787
B7: LG 21700-M50 (BV) | C7: =_xlfn.MAXIFS('Fractional-Calorimetry-Data'!$BE$4:$BE$368,'Fractional-Calorimetry-Data'!$B$4:$B$368,'V&V-Violence-All'!$B7,'Fractional-Calorimetry-Data'!$J$4:$J$368,100) -> 1.6915909 | D7: =_xlfn.MAXIFS('Fractional-Calorimetry-Data'!$U$4:$U$368,'Fractional-Calorimetry-Data'!$B$4:$B$368,'V&V-Violence-All'!$B7,'Fractional-Calorimetry-Data'!$J$4:$J$368,100) -> 110.83303 | E7: =_xlfn.MAXIFS('Fractional-Calorimetry-Data'!$BI$4:$BI$368,'Fractional-Calorimetry-Data'!$B$4:$B$368,'V&V-Violence-All'!$B7,'Fractional-Calorimetry-Data'!$J$4:$J$368,100) -> 253986.53 | F7: =_xlfn.MAXIFS('Fractional-Calorimetry-Data'!$BM$4:$BM$368,'Fractional-Calorimetry-Data'!$B$4:$B$368,'V&V-Violence-All'!$B7,'Fractional-Calorimetry-Data'!$J$4:$J$368,100) -> 4672.1846 | G7: =_xlfn.MAXIFS('Fractional-Calorimetry-Data'!$AU$4:$AU$368,'Fractional-Calorimetry-Data'!$B$4:$B$368,'V&V-Violence-All'!$B7,'Fractional-Calorimetry-Data'!$J$4:$J$368,100) -> 78.658895
B8: MOLiCEL 18650-M35A | C8: =_xlfn.MAXIFS('Fractional-Calorimetry-Data'!$BE$4:$BE$368,'Fractional-Calorimetry-Data'!$B$4:$B$368,'V&V-Violence-All'!$B8,'Fractional-Calorimetry-Data'!$J$4:$J$368,100) -> 1.5675418 | D8: =_xlfn.MAXIFS('Fractional-Calorimetry-Data'!$U$4:$U$368,'Fractional-Calorimetry-Data'!$B$4:$B$368,'V&V-Violence-All'!$B8,'Fractional-Calorimetry-Data'!$J$4:$J$368,100) -> 71.103696 | E8: =_xlfn.MAXIFS('Fractional-Calorimetry-Data'!$BI$4:$BI$368,'Fractional-Calorimetry-Data'!$B$4:$B$368,'V&V-Violence-All'!$B8,'Fractional-Calorimetry-Data'!$J$4:$J$368,100) -> 35551.848 | F8: =_xlfn.MAXIFS('Fractional-Calorimetry-Data'!$BM$4:$BM$368,'Fractional-Calorimetry-Data'!$B$4:$B$368,'V&V-Violence-All'!$B8,'Fractional-Calorimetry-Data'!$J$4:$J$368,100) -> 850.01836 | G8: =_xlfn.MAXIFS('Fractional-Calorimetry-Data'!$AU$4:$AU$368,'Fractional-Calorimetry-Data'!$B$4:$B$368,'V&V-Violence-All'!$B8,'Fractional-Calorimetry-Data'!$J$4:$J$368,100) -> 96.233104
B9: Sony 18650-VC7 | C9: =_xlfn.MAXIFS('Fractional-Calorimetry-Data'!$BE$4:$BE$368,'Fractional-Calorimetry-Data'!$B$4:$B$368,'V&V-Violence-All'!$B9,'Fractional-Calorimetry-Data'!$J$4:$J$368,100) -> 1.7348939 | D9: =_xlfn.MAXIFS('Fractional-Calorimetry-Data'!$U$4:$U$368,'Fractional-Calorimetry-Data'!$B$4:$B$368,'V&V-Violence-All'!$B9,'Fractional-Calorimetry-Data'!$J$4:$J$368,100) -> 79.319351 | E9: =_xlfn.MAXIFS('Fractional-Calorimetry-Data'!$BI$4:$BI$368,'Fractional-Calorimetry-Data'!$B$4:$B$368,'V&V-Violence-All'!$B9,'Fractional-Calorimetry-Data'!$J$4:$J$368,100) -> 64368.916 | F9: =_xlfn.MAXIFS('Fractional-Calorimetry-Data'!$BM$4:$BM$368,'Fractional-Calorimetry-Data'!$B$4:$B$368,'V&V-Violence-All'!$B9,'Fractional-Calorimetry-Data'!$J$4:$J$368,100) -> 1539.0131 | G9: =_xlfn.MAXIFS('Fractional-Calorimetry-Data'!$AU$4:$AU$368,'Fractional-Calorimetry-Data'!$B$4:$B$368,'V&V-Violence-All'!$B9,'Fractional-Calorimetry-Data'!$J$4:$J$368,100) -> 77.541667
B10: MIN: | C10: =MIN(C4:C9) -> 1.5351179 | D10: =MIN(D4:D9) -> 65.65392 | E10: =MIN(E4:E9) -> 35551.848 | F10: =MIN(F4:F9) -> 850.01836 | G10: =MIN(G4:G9) -> 59.473811
B11: MAX: | C11: =MAX(C4:C9) -> 2.1954256 | D11: =MAX(D4:D9) -> 110.83303 | E11: =MAX(E4:E9) -> 325892.48 | F11: =MAX(F4:F9) -> 7791.8478 | G11: =MAX(G4:G9) -> 96.233104
B13: STANDARD DEVIATION SCORES
B14: Cell-Description | C14: a | D14: b | E14: c | F14: d | G14: e
B15: KULR 18650-K330 | C15: {=TREND($B$24:$B$74,C$24:C$74,C4)} -> 1.1623747 | D15: {=TREND($B$24:$B$74,D$24:D$74,D4)} -> 0.02203657 | E15: {=TREND($B$24:$B$74,E$24:E$74,E4)} -> 0.22791415 | F15: {=TREND($B$24:$B$74,F$24:F$74,F4)} -> 0.18504816 | G15: {=TREND($B$24:$B$74,G$24:G$74,G4)} -> 5.5310615
B16: KULR 21700-K500 | C16: {=TREND($B$24:$B$74,C$24:C$74,C5)} -> 2.3093642 | D16: {=TREND($B$24:$B$74,D$24:D$74,D5)} -> 8.8842517 | E16: {=TREND($B$24:$B$74,E$24:E$74,E5)} -> 1.3218942 | F16: {=TREND($B$24:$B$74,F$24:F$74,F5)} -> 0.51524202 | G16: {=TREND($B$24:$B$74,G$24:G$74,G5)} -> 0.027056794
B17: LG 18650-MJ1 (Korean) | C17: {=TREND($B$24:$B$74,C$24:C$74,C6)} -> 8.8376253 | D17: {=TREND($B$24:$B$74,D$24:D$74,D6)} -> 7.6733405 | E17: {=TREND($B$24:$B$74,E$24:E$74,E6)} -> 9.9999966 | F17: {=TREND($B$24:$B$74,F$24:F$74,F6)} -> 9.9998559 | G17: {=TREND($B$24:$B$74,G$24:G$74,G6)} -> 6.6170032
B18: LG 21700-M50 (BV) | C18: {=TREND($B$24:$B$74,C$24:C$74,C7)} -> 2.9811776 | D18: {=TREND($B$24:$B$74,D$24:D$74,D7)} -> 9.9779634 | E18: {=TREND($B$24:$B$74,E$24:E$74,E7)} -> 7.5233918 | F18: {=TREND($B$24:$B$74,F$24:F$74,F7)} -> 5.5059782 | G18: {=TREND($B$24:$B$74,G$24:G$74,G7)} -> 5.2179256
B19: MOLiCEL 18650-M35A | C19: {=TREND($B$24:$B$74,C$24:C$74,C8)} -> 1.5392624 | D19: {=TREND($B$24:$B$74,D$24:D$74,D8)} -> 1.2229801 | E19: {=TREND($B$24:$B$74,E$24:E$74,E8)} -> 3.444228e-06 | F19: {=TREND($B$24:$B$74,F$24:F$74,F8)} -> 0.00014405009 | G19: {=TREND($B$24:$B$74,G$24:G$74,G8)} -> 9.9729432
B20: Sony 18650-VC7 | C20: {=TREND($B$24:$B$74,C$24:C$74,C9)} -> 3.4845215 | D20: {=TREND($B$24:$B$74,D$24:D$74,D9)} -> 3.0334287 | E20: {=TREND($B$24:$B$74,E$24:E$74,E9)} -> 0.99252897 | F20: {=TREND($B$24:$B$74,F$24:F$74,F9)} -> 0.99264166 | G20: {=TREND($B$24:$B$74,G$24:G$74,G9)} -> 4.9156394
B21: Outer Band | C21: 10 | D21: 10 | E21: 10 | F21: 10 | G21: 10
B22: TREND SCORE CONTROLS
B23: Score | C23: Max-Norm-Total-Energy | D23: Max-Corrected-Total-Energy-Yield | E23: Max-Abs-Overall-H-F | F23: Absolute-Overall-H-Flux-Max | G23: Max-Percent-Original-Mass-Ejected
B24: 0 | C24: =C$10-0.1 -> 1.4351179 | D24: =D$10-0.1 -> 65.55392 | E24: =E$10-0.1 -> 35551.748 | F24: =F$10-0.1 -> 849.91836 | G24: =G$10-0.1 -> 59.373811
B25: 0.2 | C25: =C24+(((C$11+0.1)-(C$10-0.1))/50) -> 1.452324 | D25: =D24+(((D$11+0.1)-(D$10-0.1))/50) -> 66.461503 | E25: =E24+(((E$11+0.1)-(E$10-0.1))/50) -> 41358.564 | F25: =F24+(((F$11+0.1)-(F$10-0.1))/50) -> 988.75895 | G25: =G24+(((G$11+0.1)-(G$10-0.1))/50) -> 60.112997
B26: =B25+0.2 -> 0.4 | C26: =C25+(((C$11+0.1)-(C$10-0.1))/50) -> 1.4695302 | D26: =D25+(((D$11+0.1)-(D$10-0.1))/50) -> 67.369085 | E26: =E25+(((E$11+0.1)-(E$10-0.1))/50) -> 47165.381 | F26: =F25+(((F$11+0.1)-(F$10-0.1))/50) -> 1127.5995 | G26: =G25+(((G$11+0.1)-(G$10-0.1))/50) -> 60.852183
B27: =B26+0.2 -> 0.6 | C27: =C26+(((C$11+0.1)-(C$10-0.1))/50) -> 1.4867363 | D27: =D26+(((D$11+0.1)-(D$10-0.1))/50) -> 68.276667 | E27: =E26+(((E$11+0.1)-(E$10-0.1))/50) -> 52972.198 | F27: =F26+(((F$11+0.1)-(F$10-0.1))/50) -> 1266.4401 | G27: =G26+(((G$11+0.1)-(G$10-0.1))/50) -> 61.591369
B28: =B27+0.2 -> 0.8 | C28: =C27+(((C$11+0.1)-(C$10-0.1))/50) -> 1.5039425 | D28: =D27+(((D$11+0.1)-(D$10-0.1))/50) -> 69.184249 | E28: =E27+(((E$11+0.1)-(E$10-0.1))/50) -> 58779.014 | F28: =F27+(((F$11+0.1)-(F$10-0.1))/50) -> 1405.2807 | G28: =G27+(((G$11+0.1)-(G$10-0.1))/50) -> 62.330554
B29: =B28+0.2 -> 1 | C29: =C28+(((C$11+0.1)-(C$10-0.1))/50) -> 1.5211486 | D29: =D28+(((D$11+0.1)-(D$10-0.1))/50) -> 70.091832 | E29: =E28+(((E$11+0.1)-(E$10-0.1))/50) -> 64585.831 | F29: =F28+(((F$11+0.1)-(F$10-0.1))/50) -> 1544.1213 | G29: =G28+(((G$11+0.1)-(G$10-0.1))/50) -> 63.06974
B30: =B29+0.2 -> 1.2 | C30: =C29+(((C$11+0.1)-(C$10-0.1))/50) -> 1.5383548 | D30: =D29+(((D$11+0.1)-(D$10-0.1))/50) -> 70.999414 | E30: =E29+(((E$11+0.1)-(E$10-0.1))/50) -> 70392.647 | F30: =F29+(((F$11+0.1)-(F$10-0.1))/50) -> 1682.9619 | G30: =G29+(((G$11+0.1)-(G$10-0.1))/50) -> 63.808926
B31: =B30+0.2 -> 1.4 | C31: =C30+(((C$11+0.1)-(C$10-0.1))/50) -> 1.5555609 | D31: =D30+(((D$11+0.1)-(D$10-0.1))/50) -> 71.906996 | E31: =E30+(((E$11+0.1)-(E$10-0.1))/50) -> 76199.464 | F31: =F30+(((F$11+0.1)-(F$10-0.1))/50) -> 1821.8025 | G31: =G30+(((G$11+0.1)-(G$10-0.1))/50) -> 64.548112
B32: =B31+0.2 -> 1.6 | C32: =C31+(((C$11+0.1)-(C$10-0.1))/50) -> 1.5727671 | D32: =D31+(((D$11+0.1)-(D$10-0.1))/50) -> 72.814579 | E32: =E31+(((E$11+0.1)-(E$10-0.1))/50) -> 82006.28 | F32: =F31+(((F$11+0.1)-(F$10-0.1))/50) -> 1960.6431 | G32: =G31+(((G$11+0.1)-(G$10-0.1))/50) -> 65.287298
B33: =B32+0.2 -> 1.8 | C33: =C32+(((C$11+0.1)-(C$10-0.1))/50) -> 1.5899733 | D33: =D32+(((D$11+0.1)-(D$10-0.1))/50) -> 73.722161 | E33: =E32+(((E$11+0.1)-(E$10-0.1))/50) -> 87813.097 | F33: =F32+(((F$11+0.1)-(F$10-0.1))/50) -> 2099.4837 | G33: =G32+(((G$11+0.1)-(G$10-0.1))/50) -> 66.026484
B34: =B33+0.2 -> 2 | C34: =C33+(((C$11+0.1)-(C$10-0.1))/50) -> 1.6071794 | D34: =D33+(((D$11+0.1)-(D$10-0.1))/50) -> 74.629743 | E34: =E33+(((E$11+0.1)-(E$10-0.1))/50) -> 93619.914 | F34: =F33+(((F$11+0.1)-(F$10-0.1))/50) -> 2238.3242 | G34: =G33+(((G$11+0.1)-(G$10-0.1))/50) -> 66.76567
B35: =B34+0.2 -> 2.2 | C35: =C34+(((C$11+0.1)-(C$10-0.1))/50) -> 1.6243856 | D35: =D34+(((D$11+0.1)-(D$10-0.1))/50) -> 75.537325 | E35: =E34+(((E$11+0.1)-(E$10-0.1))/50) -> 99426.73 | F35: =F34+(((F$11+0.1)-(F$10-0.1))/50) -> 2377.1648 | G35: =G34+(((G$11+0.1)-(G$10-0.1))/50) -> 67.504855
B36: =B35+0.2 -> 2.4 | C36: =C35+(((C$11+0.1)-(C$10-0.1))/50) -> 1.6415917 | D36: =D35+(((D$11+0.1)-(D$10-0.1))/50) -> 76.444908 | E36: =E35+(((E$11+0.1)-(E$10-0.1))/50) -> 105233.55 | F36: =F35+(((F$11+0.1)-(F$10-0.1))/50) -> 2516.0054 | G36: =G35+(((G$11+0.1)-(G$10-0.1))/50) -> 68.244041
B37: =B36+0.2 -> 2.6 | C37: =C36+(((C$11+0.1)-(C$10-0.1))/50) -> 1.6587979 | D37: =D36+(((D$11+0.1)-(D$10-0.1))/50) -> 77.35249 | E37: =E36+(((E$11+0.1)-(E$10-0.1))/50) -> 111040.36 | F37: =F36+(((F$11+0.1)-(F$10-0.1))/50) -> 2654.846 | G37: =G36+(((G$11+0.1)-(G$10-0.1))/50) -> 68.983227
... B74: =B73+0.2 -> 10 | C74: =C73+(((C$11+0.1)-(C$10-0.1))/50) -> 2.2954256 | D74: =D73+(((D$11+0.1)-(D$10-0.1))/50) -> 110.93303 | E74: =E73+(((E$11+0.1)-(E$10-0.1))/50) -> 325892.58 | F74: =F73+(((F$11+0.1)-(F$10-0.1))/50) -> 7791.9478 | G74: =G73+(((G$11+0.1)-(G$10-0.1))/50) -> 96.333104

Sheet V&V-SD-All
B2: STANDARD DEVIATION
B3: Cell-Description | C3: Norm-Total-Energy | D3: Baseline-Total-Energy-Yield-kJ | E3: Conductive-Heat-Loss-Rate-kJs-1 | F3: Baseline-Plus-Heat-Loss-Total-Energy-Yield-kJ | G3: Corrected-Total-Energy-Yield-kJ | H3: Energy-Fraction-Cell-Body-kJ | I3: Energy-Fraction-Positive-Ejecta-kJ | J3: Energy-Fraction-Negative-Ejecta-kJ | K3: Energy-Percent-Cell-Body-% | L3: Energy-Percent-Positive-Ejecta-% | M3: Energy-Percent-Negative-Ejecta-% | N3: Theoretical-Energy-Positive-Unrecovered-Mass-kJ | O3: Theoretical-Energy-Negative-Unrecovered-Mass-kJ | P3: avg event length | Q3: Heater-Power-W | R3: Heater-Time-On-s | S3: Energy-Applied-to-Trigger-kJ | T3: Onset-Selection-Time-s | U3: Avg-Cell-Temp-At-Trigger-degC | V3: Post-Test-Mass-Cell-Body-g | W3: Post-Test-Mass-Positive-Ejecta-Mating-g | X3: Post-Test-Mass-Positive-Ejecta-Bore-Baffles-g | Y3: Post-Test-Mass-Positive-Copper-Mesh-g | Z3: Post-Test-Mass-Negative-Ejecta-Mating-g | AA3: Post-Test-Mass-Negative-Ejecta-Bore-Baffles-g | AB3: Post-Test-Mass-Negative-Copper-Mesh-g | AC3: Post-Test-Mass-Unrecovered-g | AD3: Mass-Ejected | AE3: Percent-Original-Mass-Ejected
B4: KULR 18650-K330 | C4: {=_xlfn.STDEV.S(IF('Fractional-Calorimetry-Data'!$B$4:$B$2948=B4,IF('Fractional-Calorimetry-Data'!$J$4:$J2853=100,'Fractional-Calorimetry-Data'!$BE$4:$BE$2948)))} -> 0.076002324 | D4: {=_xlfn.STDEV.S(IF('Fractional-Calorimetry-Data'!$B$4:$B$2948=$B4,IF('Fractional-Calorimetry-Data'!$J$4:$J$2853=100,'Fractional-Calorimetry-Data'!R$4:R$2948)))} -> 3.1509906 | E4: {=_xlfn.STDEV.S(IF('Fractional-Calorimetry-Data'!$B$4:$B$2948=$B4,IF('Fractional-Calorimetry-Data'!$J$4:$J$2853=100,'Fractional-Calorimetry-Data'!S$4:S$2948)))} -> 0.01097116 | F4: {=_xlfn.STDEV.S(IF('Fractional-Calorimetry-Data'!$B$4:$B$2948=$B4,IF('Fractional-Calorimetry-Data'!$J$4:$J$2853=100,'Fractional-Calorimetry-Data'!T$4:T$2948)))} -> 2.8743392 | G4: {=_xlfn.STDEV.S(IF('Fractional-Calorimetry-Data'!$B$4:$B$2948=$B4,IF('Fractional-Calorimetry-Data'!$J$4:$J$2853=100,'Fractional-Calorimetry-Data'!U$4:U$2948)))} -> 3.2504674 | H4: {=_xlfn.STDEV.S(IF('Fractional-Calorimetry-Data'!$B$4:$B$2948=$B4,IF('Fractional-Calorimetry-Data'!$J$4:$J$2853=100,'Fractional-Calorimetry-Data'!V$4:V$2948)))} -> 5.0829091 | I4: {=_xlfn.STDEV.S(IF('Fractional-Calorimetry-Data'!$B$4:$B$2948=$B4,IF('Fractional-Calorimetry-Data'!$J$4:$J$2853=100,'Fractional-Calorimetry-Data'!W$4:W$2948)))} -> 15.603302 | J4: {=_xlfn.STDEV.S(IF('Fractional-Calorimetry-Data'!$B$4:$B$2948=$B4,IF('Fractional-Calorimetry-Data'!$J$4:$J$2853=100,'Fractional-Calorimetry-Data'!X$4:X$2948)))} -> 16.934396 | K4: {=_xlfn.STDEV.S(IF('Fractional-Calorimetry-Data'!$B$4:$B$2948=$B4,IF('Fractional-Calorimetry-Data'!$J$4:$J$2853=100,'Fractional-Calorimetry-Data'!Y$4:Y$2948)))} -> 8.777567 | ... O4: {=_xlfn.STDEV.S(IF('Fractional-Calorimetry-Data'!$B$4:$B$2948=$B4,IF('Fractional-Calorimetry-Data'!$J$4:$J$2853=100,'Fractional-Calorimetry-Data'!AC$4:AC$2948)))} -> 0.63978549 | P4: {=_xlfn.STDEV.S(IF('Fractional-Calorimetry-Data'!$B$4:$B$2948=$B4,IF('Fractional-Calorimetry-Data'!$J$4:$J$2853=100,'Fractional-Calorimetry-Data'!BN$4:BN$2948)))} -> 1.228219 | Q4: {=_xlfn.STDEV.S(IF('Fractional-Calorimetry-Data'!$B$4:$B$2948=$B4,IF('Fractional-Calorimetry-Data'!$J$4:$J$2853=100,'Fractional-Calorimetry-Data'!AG$4:AG$2948)))} -> 212.938 | R4: {=_xlfn.STDEV.S(IF('Fractional-Calorimetry-Data'!$B$4:$B$2948=$B4,IF('Fractional-Calorimetry-Data'!$J$4:$J$2853=100,'Fractional-Calorimetry-Data'!AH$4:AH$2948)))} -> 15.724132 | S4: {=_xlfn.STDEV.S(IF('Fractional-Calorimetry-Data'!$B$4:$B$2948=$B4,IF('Fractional-Calorimetry-Data'!$J$4:$J$2853=100,'Fractional-Calorimetry-Data'!AI$4:AI$2948)))} -> 24.83315 | T4: {=_xlfn.STDEV.S(IF('Fractional-Calorimetry-Data'!$B$4:$B$2948=$B4,IF('Fractional-Calorimetry-Data'!$J$4:$J$2853=100,'Fractional-Calorimetry-Data'!AJ$4:AJ$2948)))} -> 52.064681 | U4: {=_xlfn.STDEV.S(IF('Fractional-Calorimetry-Data'!$B$4:$B$2948=$B4,IF('Fractional-Calorimetry-Data'!$J$4:$J$2853=100,'Fractional-Calorimetry-Data'!AK$4:AK$2948)))} -> 39.693799 | V4: {=_xlfn.STDEV.S(IF('Fractional-Calorimetry-Data'!$B$4:$B$2948=$B4,IF('Fractional-Calorimetry-Data'!$J$4:$J$2853=100,'Fractional-Calorimetry-Data'!AL$4:AL$2948)))} -> 4.3418717 | W4: {=_xlfn.STDEV.S(IF('Fractional-Calorimetry-Data'!$B$4:$B$2948=$B4,IF('Fractional-Calorimetry-Data'!$J$4:$J$2853=100,'Fractional-Calorimetry-Data'!AM$4:AM$2948)))} -> 2.8474028 | X4: {=_xlfn.STDEV.S(IF('Fractional-Calorimetry-Data'!$B$4:$B$2948=$B4,IF('Fractional-Calorimetry-Data'!$J$4:$J$2853=100,'Fractional-Calorimetry-Data'!AN$4:AN$2948)))} -> 3.1424691 | ... AE4: {=_xlfn.STDEV.S(IF('Fractional-Calorimetry-Data'!$B$4:$B$2948=$B4,IF('Fractional-Calorimetry-Data'!$J$4:$J$2853=100,'Fractional-Calorimetry-Data'!AU$4:AU$2948)))} -> 9.308754
